pl_name,hostname,discoverymethod,disc_year,pl_orbper,pl_rade,pl_bmasse,sy_dist
"TOI-5789 c","TOI-5789","Transit",,12.92774800000,2.86000000,5.00000000,20.45810000
"LHS 1903 e","LHS 1903","Transit",2026,29.31773000000,1.73200000,5.79000000,35.69170000
"TOI-1080 b","TOI-1080","Transit",2026,3.96524820000,1.20000000,10.70000000,25.55900000
"TIC 147027702 b","TIC 147027702","Transit",2026,44.40523000000,10.92875618,346.43296363,457.18600000
"TIC 245076932 b","TIC 245076932","Transit",2026,21.61389000000,10.87271128,162.09248757,303.96000000
"TIC 183374187 b","TIC 183374187","Transit",2026,5.05907000000,14.03364384,177.98390792,1208.75000000
"TOI-6692 b","TOI-6692","Transit",2026,131.12500000000,11.67975789,197.05361234,312.90300000
"TIC 87422071 b","TIC 87422071","Transit",2026,11.36492900000,10.86150230,409.99864503,384.75800000
"TOI-5624 b","TOI-5624","Transit",2026,3.39034730000,2.31400000,9.40000000,101.91300000
"TOI-5624 c","TOI-5624","Transit",2026,7.88538500000,2.47400000,4.80000000,101.91300000
"TOI-5624 e","TOI-5624","Transit",2026,21.48993600000,3.24700000,8.90000000,101.91300000
"TOI-5292 A b","TOI-5292 A","Transit",2026,2.02191000000,12.64373023,412.85910069,337.09500000
"TOI-5349 b","TOI-5349","Transit",2026,3.31792100000,10.20000000,127.40000000,188.33600000
"TOI-5422 b","TOI-5422","Transit",2026,5.37721900000,9.10169233,8899.19539600,346.14100000
"TOI-5624 d","TOI-5624","Transit",2026,13.73146800000,3.58400000,4.90000000,101.91300000
"TOI-201 d","TOI-201","Transit",2026,5.84889000000,1.39000000,5.80000000,113.82500000
"TOI-5734 b","TOI-5734","Transit",2026,6.18418760000,2.10000000,9.10000000,32.51020000
"TOI-5788 c","TOI-5788","Transit",2026,16.21336200000,2.27200000,6.40000000,97.61400000
"TOI-5788 b","TOI-5788","Transit",2026,6.34075800000,1.52800000,3.72000000,97.61400000
"TOI-5916 b","TOI-5916","Transit",2026,2.36712800000,11.35469745,226.61165419,199.72400000
"TOI-4311 c","TOI-4311","Transit",2026,15.07042500000,2.47000000,13.58000000,134.98800000
"TOI-4311 b","TOI-4311","Transit",2026,0.99027380000,1.37600000,4.50000000,134.98800000
"TOI-4495 b","TOI-4495","Transit",2026,2.56699000000,2.48300000,7.70000000,132.21400000
"TOI-4529 b","TOI-4529","Transit",2026,5.87957700000,1.77000000,4.90000000,28.38400000
"TOI-4552 b","TOI-4552","Transit",2026,0.30110032000,1.11000000,1.83000000,27.26840000
"TOI-5007 b","TOI-5007","Transit",2026,2.54337100000,11.07447293,211.03806225,203.35200000
"TOI-3457 b","TOI-3457","Transit",2026,32.60026800000,10.64000000,797.74930157,370.66600000
"TOI-3862 b","TOI-3862","Transit",2026,1.55745774000,5.53000000,53.70000000,249.02000000
"TOI-2431 b","TOI-2431","Transit",2026,0.22419578000,1.53400000,6.20000000,36.05590000
"TOI-1232 b","TOI-1232","Transit",2026,14.25600000000,10.92875618,220.57291446,328.60400000
"TOI-1243 b","TOI-1243","Transit",2026,4.65947790000,2.33000000,7.70000000,43.18650000
"LHS 1903 c","LHS 1903","Transit",2026,6.22618500000,2.04600000,4.55000000,35.69170000
"LHS 1903 b","LHS 1903","Transit",2026,2.15550980000,1.38200000,3.28000000,35.69170000
"LHS 1903 d","LHS 1903","Transit",2026,12.56628700000,2.50000000,5.96000000,35.69170000
"TOI-159 b","TOI-159","Transit",2026,3.76283960000,18.18000000,1110.00000000,347.59300000
"TOI-375 b","TOI-375","Transit",2026,9.45469000000,10.77183045,236.78216321,396.21300000
"TOI-4336 A c","TOI-4336 A","Transit",2026,7.58726600000,1.25100000,1.55000000,22.54550000
"WASP-188 b","WASP-188","Transit",2025,5.74891600000,14.81827249,458.62639130,675.28100000
"TOI-5210 b","TOI-5210","Transit",2025,4.56610610000,10.72699453,81.99972901,302.08600000
"NGTS-31 b","NGTS-31","Transit",2025,4.16273400000,18.04645893,355.96781584,497.37600000
"TOI-2876 b","TOI-2876","Transit",2025,6.29964310000,9.63972340,54.03082919,225.74400000
"TOI-2886 b","TOI-2886","Transit",2025,1.60200105000,18.64053490,444.95976980,413.67300000
"TOI-2969 b","TOI-2969","Transit",2025,1.82371460000,12.32987877,368.68095212,163.99600000
"TOI-2986 b","TOI-2986","Transit",2025,3.27836620000,9.29224500,96.61983573,563.14900000
"TOI-2989 b","TOI-2989","Transit",2025,3.12283200000,12.55405838,953.48522100,195.79500000
"TOI-2992 b","TOI-2992","Transit",2025,3.00781200000,13.75341932,1058.36859531,542.02600000
"TOI-3135 b","TOI-3135","Transit",2025,3.70655850000,13.65253849,327.36325921,221.67300000
"TOI-3160 A b","TOI-3160 A","Transit",2025,3.97128100000,13.76462830,378.21580433,567.67800000
"TOI-3288 b","TOI-3288","Transit",2025,1.43386470000,12.24020692,536.17652261,200.50000000
"TOI-3464 b","TOI-3464","Transit",2025,3.65155680000,13.76462830,397.28550875,597.77400000
"TOI-3474 b","TOI-3474","Transit",2025,3.87951050000,14.67255574,193.87532827,420.12300000
"TOI-3486 b","TOI-3486","Transit",2025,2.21778105000,10.57006880,99.16246298,154.71500000
"TOI-3493 b","TOI-3493","Transit",2025,8.15946670000,3.22000000,8.97000000,96.72240000
"TOI-3523 A b","TOI-3523 A","Transit",2025,2.30458952000,15.97279750,435.42491759,645.29400000
"TOI-3593 b","TOI-3593","Transit",2025,3.82128670000,11.02963701,565.73456446,226.63000000
"TOI-3682 b","TOI-3682","Transit",2025,3.34624060000,12.80065596,69.28659273,404.21100000
"WASP-194 b","WASP-194","Transit",2025,3.18338700000,15.47960235,373.13054982,476.83100000
"TOI-3837 b","TOI-3837","Transit",2025,11.88865000000,10.87271128,187.51876013,311.70500000
"TOI-3856 b","TOI-3856","Transit",2025,2.04360352000,13.59649359,171.62733978,314.44300000
"TOI-3877 b","TOI-3877","Transit",2025,4.12359600000,11.67975789,99.79811980,493.77000000
"TOI-3980 b","TOI-3980","Transit",2025,3.60892540000,14.45958510,187.51876013,486.72100000
"WASP-195 b","WASP-195","Transit",2025,5.05192800000,10.31226224,33.05415433,484.85200000
"TOI-2005 b","TOI-2005","Transit",2025,17.30590400000,11.99360935,2034.10180480,328.47500000
"TOI-2031 A b","TOI-2031 A","Transit",2025,5.71548654000,14.20177855,254.26272560,276.10500000
"TOI-2093 c","TOI-2093","Transit",2025,53.81149000000,2.30000000,15.80000000,82.79820000
"TOI-2169 A b","TOI-2169 A","Transit",2025,8.21482820000,12.50922246,329.58805806,351.48700000
"TOI-2322 c","TOI-2322","Transit",2025,20.22552800000,1.87400000,18.10000000,59.86100000
"TOI-2322 b","TOI-2322","Transit",2025,11.30717000000,0.99400000,2.31000000,59.86100000
"TOI-2328 b","TOI-2328","Transit",2025,17.10197000000,9.97599282,50.85254512,231.78200000
"TOI-2345 b","TOI-2345","Transit",2025,1.05285730000,1.50400000,3.49000000,81.65410000
"TOI-2345 c","TOI-2345","Transit",2025,21.06430200000,2.45100000,7.27000000,81.65410000
"TOI-2346 b","TOI-2346","Transit",2025,3.33120290000,16.11851425,394.10722468,437.48400000
"TOI-2382 b","TOI-2382","Transit",2025,4.66120610000,12.25141591,235.19302118,434.92000000
"TOI-2449 b","TOI-2449","Transit",2025,106.14468000000,11.24000000,222.00000000,156.78600000
"TOI-1438 b","TOI-1438","Transit",2025,5.13967000000,3.04000000,9.40000000,110.51300000
"TOI-1438 c","TOI-1438","Transit",2025,9.42808900000,2.75000000,10.60000000,110.51300000
"TOI-1453 c","TOI-1453","Transit",2025,6.58869820000,2.22400000,2.95000000,78.74150000
"TOI-1453 b","TOI-1453","Transit",2025,4.31352250000,1.17300000,2.32000000,78.74150000
"TOI-1648 b","TOI-1648","Transit",2025,7.33160200000,2.54000000,7.40000000,69.83500000
"TOI-1803 c","TOI-1803","Transit",2025,12.88577900000,4.29000000,8.00000000,119.24000000
"TOI-1803 b","TOI-1803","Transit",2025,6.29328700000,2.99000000,10.32000000,119.24000000
"TOI-283 b","TOI-283","Transit",2025,17.61745000000,2.34000000,6.54000000,82.70130000
"TOI-333 b","TOI-333","Transit",2025,3.78525030000,4.26000000,20.10000000,352.26900000
"TOI-512 b","TOI-512","Transit",2025,7.18886000000,1.54000000,3.57000000,67.39750000
"TOI-521 b","TOI-521","Transit",2025,1.54285047000,1.98000000,5.30000000,60.94250000
"TOI-756 b","TOI-756","Transit",2025,1.23924950000,2.81000000,9.83000000,86.17590000
"TOI-912 b","TOI-912","Transit",2025,4.67806910000,1.93000000,5.10000000,26.10720000
"TOI-1011 b","TOI-1011","Transit",2025,2.47049800000,1.45000000,4.04000000,52.62000000
"TOI-1117 b","TOI-1117","Transit",2025,2.22816000000,2.46000000,8.90000000,167.59800000
"TOI-1472 c","TOI-1472","Radial Velocity",2025,15.53817470000,3.33400000,21.13000000,121.84000000
"NGTS-34 b","NGTS-34","Transit",2025,43.12655000000,3.65000000,19.10000000,120.47500000
"KOI-134 b","KOI-134","Transit",2025,67.12770000000,12.03844527,346.43296363,1159.21000000
"TOI-6303 b","TOI-6303","Transit",2025,9.48523600000,11.59000000,2493.00000000,152.21900000
"TOI-6324 b","TOI-6324","Transit",2025,0.27922100000,1.05900000,1.17000000,20.54880000
"TOI-6330 b","TOI-6330","Transit",2025,6.85002460000,10.89000000,3179.00000000,139.04200000
"TOI-6420 b","TOI-6420","Transit",2025,6.96150800000,11.93756445,2606.19293740,634.71200000
"TOI-6628 b","TOI-6628","Transit",2025,18.18424000000,10.98480109,235.19302118,320.52700000
"NGTS-35 b","NGTS-35","Transit",2025,25.24119200000,10.90000000,152.00000000,183.07800000
"TOI-6695 b","TOI-6695","Transit",2025,80.38900000000,9.52763359,66.74396547,282.53600000
"GJ 341 b","GJ 341","Transit",2025,7.57686000000,0.88000000,4.00000000,10.45400000
"TOI-6894 b","TOI-6894","Transit",2025,3.37077196000,9.58367850,53.39517238,73.81310000
"TOI-7041 b","TOI-7041","Transit",2025,9.69100000000,11.43316031,114.41822652,439.52000000
"TOI-7149 b","TOI-7149","Transit",2025,2.65206166000,13.20000000,224.00000000,126.12600000
"ZTF J1230-2655 b","ZTF J1230-2655","Transit",2025,0.23597766000,13.78704626,7024.00779470,186.69000000
"ZTF J1828+2308 b","ZTF J1828+2308","Transit",2025,0.11200670000,11.13051784,6356.56814000,201.82700000
"TOI-2076 e","TOI-2076","Transit",2025,3.02237530000,1.30100000,4.70000000,41.90910000
"TOI-201 c","TOI-201","Transit Timing Variations",2025,2890.00000000000,10.40000000,4990.00000000,113.82500000
"HD 224018 b","HD 224018","Radial Velocity",2025,10.64130000000,0.91000000,4.10000000,105.48000000
"HD 224018 c","HD 224018","Transit",2025,36.57669000000,2.42000000,10.40000000,105.48000000
"HD 224018 d","HD 224018","Transit",2025,138.07310000000,2.40000000,4.20000000,105.48000000
"TOI-1203 b","TOI-1203","Radial Velocity",2025,4.15728880000,1.52000000,3.51000000,64.99430000
"NGTS-32 b","NGTS-32","Transit",2025,3.31211000000,15.91675259,181.16219199,837.45700000
"HD 143811 AB b","HD 143811 A","Imaging",2025,117000.00000000000,15.69257298,1938.75328270,136.60800000
"TOI-7510 b","TOI-7510","Transit",2025,11.53086900000,7.31000000,18.10000000,249.00600000
"TOI-7510 c","TOI-7510","Transit",2025,22.56874230000,10.81000000,131.00000000,249.00600000
"TOI-7510 d","TOI-7510","Transit",2025,48.86446800000,10.52000000,190.00000000,249.00600000
"TOI-1422 c","TOI-1422","Radial Velocity",2025,34.56330000000,2.61000000,14.00000000,155.14100000
"TOI-5261 b","TOI-5261","Transit",2025,4.15097680000,11.60129502,3651.84839643,377.05400000
"WASP-154 b","WASP-154","Transit",2025,3.81167800000,10.76062147,198.96058278,215.50100000
"TOI-5300 b","TOI-5300","Transit",2025,2.26219600000,9.86390302,190.69704420,162.51000000
"TOI-5322 b","TOI-5322","Transit",2025,5.42332070000,16.61170940,184.02264765,476.89900000
"TOI-5340 b","TOI-5340","Transit",2025,4.93943920000,15.07607904,270.15414595,532.62900000
"TOI-5350 b","TOI-5350","Transit",2025,7.58136700000,12.41955062,2094.48920213,277.41900000
"WASP-197 b","WASP-197","Transit",2025,5.16722800000,14.44837612,403.32424848,483.67500000
"TOI-5386 A b","TOI-5386 A","Transit",2025,3.62156552000,14.70618268,155.10026262,394.48600000
"TOI-5573 b","TOI-5573","Transit",2025,8.79758977000,9.75000000,112.00000000,186.56200000
"TOI-5592 b","TOI-5592","Transit",2025,2.60858460000,17.14974047,285.72773789,597.02600000
"TOI-5786 b","TOI-5786","Transit",2025,12.77910700000,8.54000000,73.00000000,192.47500000
"TOI-5795 b","TOI-5795","Transit",2025,6.14063250000,5.62000000,23.66000000,156.53000000
"TOI-5800 b","TOI-5800","Transit",2025,2.62788380000,2.46000000,9.50000000,42.90520000
"TOI-5817 b","TOI-5817","Transit",2025,15.61031000000,3.08000000,10.30000000,80.75420000
"TOI-5882 b","TOI-5882","Transit",2025,7.14897200000,11.46678726,6995.40323807,416.10400000
"TOI-6038 A b","TOI-6038 A","Transit",2025,5.82673110000,6.41000000,78.50000000,179.14700000
"TOI-6041 b","TOI-6041","Transit",2025,26.04945000000,4.55000000,28.90000000,72.47310000
"WASP-149 b","WASP-149","Transit",2025,1.33281300000,15.24421375,314.96795134,211.73000000
"WASP-155 b","WASP-155","Transit",2025,3.11041300000,13.45077684,276.82854250,399.63000000
"WASP-102 b","WASP-102","Transit",2025,2.70981300000,14.90794433,197.68926915,535.68900000
"HD 35843 c","HD 35843","Transit",2025,46.96220000000,2.54000000,11.32000000,69.60260000
"TOI-4214 b","TOI-4214","Transit",2025,3.49138850000,10.68215861,165.27077164,346.88100000
"TOI-4465 b","TOI-4465","Transit",2025,101.94054000000,14.01122587,1872.00931723,121.13900000
"TOI-4487 A b","TOI-4487 A","Transit",2025,3.95407090000,14.60530185,397.28550875,479.14500000
"Ross 176 b","Ross 176","Transit",2025,5.00663380000,1.84000000,4.57000000,46.44880000
"TOI-4507 b","TOI-4507","Transit",2025,104.61611000000,8.20000000,20.00000000,178.26000000
"TOI-4666 b","TOI-4666","Transit",2025,2.90891650000,12.53164042,155.41809102,154.74900000
"WASP-116 b","WASP-116","Transit",2025,6.61320000000,13.67495645,203.41018048,559.24300000
"TOI-4734 b","TOI-4734","Transit",2025,6.23563300000,10.91754720,61.65871096,563.06800000
"TOI-4773 b","TOI-4773","Transit",2025,1.74528510000,15.22179579,1687.66884117,492.88800000
"TOI-4794 b","TOI-4794","Transit",2025,3.56581160000,14.35870428,308.29355479,543.00800000
"TOI-4940 b","TOI-4940","Transit",2025,25.86781100000,6.61000000,89.00000000,345.65900000
"TOI-4961 b","TOI-4961","Transit",2025,7.47918200000,12.34108775,572.09113260,213.07300000
"TOI-5027 b","TOI-5027","Transit",2025,10.24368000000,10.76062147,642.01338214,204.42900000
"TOI-5108 b","TOI-5108","Transit",2025,6.75358100000,6.60000000,32.00000000,130.91900000
"TOI-5181 A b","TOI-5181 A","Transit",2025,3.89222950000,13.34989601,330.54154328,480.15500000
"TOI-1994 b","TOI-1994","Transit",2024,4.03371420000,13.67495645,7024.00779470,515.60300000
"TOI-2019 b","TOI-2019","Transit",2024,15.34440000000,5.33275337,34.40000000,198.00700000
"TOI-2088 b","TOI-2088","Transit",2024,124.72997000000,3.68311790,37.00000000,126.46000000
"TOI-2107 b","TOI-2107","Transit",2024,2.45454670000,13.57407563,263.79757781,236.70500000
"TOI-2120 b","TOI-2120","Transit",2024,5.79981640000,2.12200000,6.80000000,32.17550000
"TOI-2128 b","TOI-2128","Transit",2024,16.34136000000,2.08874836,4.50000000,36.57800000
"TOI-2295 b","TOI-2295","Transit",2024,30.03330200000,16.47720163,278.09985612,126.27900000
"TOI-2368 b","TOI-2368","Transit",2024,5.17500730000,10.83908434,206.58846455,210.91500000
"TOI-2374 b","TOI-2374","Transit",2024,4.31361930000,7.48759911,61.65871096,134.65500000
"TOI-2379 b","TOI-2379","Transit",2024,5.46938270000,11.72459381,1830.69162432,211.24700000
"TOI-2384 b","TOI-2384","Transit",2024,2.13570304000,11.48920522,624.85064816,191.51000000
"TOI-2420 b","TOI-2420","Transit",2024,5.84264100000,15.02003414,294.62693329,435.17400000
"TOI-2447 b","TOI-2447","Transit",2024,69.33684000000,9.60609646,124.90656395,148.98700000
"TOI-2458 b","TOI-2458","Transit",2024,3.73659000000,2.83000000,13.31000000,112.95800000
"TOI-2485 b","TOI-2485","Transit",2024,11.23479000000,12.13932610,766.60211768,397.95300000
"TOI-2529 b","TOI-2529","Transit",2024,64.59490000000,11.54525012,743.71847238,296.27100000
"TOI-1199 b","TOI-1199","Transit",2024,3.67146300000,10.51402390,75.96098927,248.42700000
"TOI-1248 b","TOI-1248","Transit",2024,4.36015610000,6.80848590,27.40000000,168.73500000
"TOI-1249 b","TOI-1249","Transit",2024,13.07915100000,3.27103010,11.90000000,139.49000000
"TOI-1269 b","TOI-1269","Transit",2024,4.25299130000,2.40144286,6.40000000,172.13800000
"TOI-1273 b","TOI-1273","Transit",2024,4.63129600000,11.09689089,70.55790635,177.11800000
"TOI-1279 b","TOI-1279","Transit",2024,9.61419000000,2.66146528,10.60000000,107.05500000
"TOI-1294 b","TOI-1294","Transit",2024,3.91529200000,10.12369881,63.90000000,332.64800000
"TOI-1295 b","TOI-1295","Transit",2024,3.19688380000,15.69257298,451.31633794,388.22700000
"TOI-1347 b","TOI-1347","Transit",2024,0.84742346000,1.80000000,11.10000000,147.47600000
"TOI-1347 c","TOI-1347","Transit",2024,4.84196200000,1.60000000,6.40000000,147.47600000
"TOI-1386 b","TOI-1386","Transit",2024,25.84010000000,6.21638650,45.80000000,146.85800000
"TOI-1410.01","TOI-1410","Transit",2024,1.21687000000,3.10083009,12.50000000,72.75120000
"TOI-1437 b","TOI-1437","Transit",2024,18.84094200000,2.24000000,9.60000000,103.29700000
"TOI-1439 b","TOI-1439","Transit",2024,27.64400000000,4.24278610,38.50000000,230.30600000
"TOI-1443 b","TOI-1443","Transit",2024,23.54067800000,2.30381001,30.00000000,85.80340000
"TOI-1448 b","TOI-1448","Transit",2024,8.11224500000,2.74900000,19.50000000,73.33450000
"TOI-1450 A b","TOI-1450 A","Transit",2024,2.04392740000,1.13000000,1.25800000,22.44670000
"TOI-1451 b","TOI-1451","Transit",2024,16.53794400000,2.61143902,15.20000000,91.93620000
"TOI-1472 b","TOI-1472","Transit",2024,6.36338574000,4.05800000,18.05000000,121.84000000
"TOI-1669 c","TOI-1669","Transit",2024,2.68005350000,2.29639770,13.00000000,111.27600000
"TOI-1742 b","TOI-1742","Transit",2024,21.26908400000,2.36507598,9.70000000,72.88710000
"TOI-1751 b","TOI-1751","Transit",2024,37.46852000000,2.95078450,19.50000000,113.33500000
"TOI-1753 b","TOI-1753","Transit",2024,5.38461040000,2.47852533,16.60000000,226.67100000
"TOI-1775 b","TOI-1775","Transit",2024,10.24055490000,8.04728896,96.00000000,149.23400000
"TOI-1776 b","TOI-1776","Transit",2024,2.79986800000,1.21612741,1.40000000,44.64700000
"HD 77946 b","HD 77946","Transit",2024,6.52736300000,2.89646124,10.90000000,99.45100000
"TOI-1794 b","TOI-1794","Transit",2024,8.76552800000,3.29701268,8.70000000,155.79100000
"TOI-1823 b","TOI-1823","Transit",2024,38.80000000000,7.54062410,67.40000000,71.64560000
"TOI-238 b","TOI-238","Transit",2024,1.27309900000,1.55900000,3.37000000,80.54070000
"TOI-260 b","TOI-260","Transit",2024,13.47585300000,1.71000000,4.23000000,20.18520000
"TOI-286 b","TOI-286","Transit",2024,4.51172440000,1.42000000,4.53000000,59.22930000
"TOI-286 c","TOI-286","Transit",2024,39.36182600000,1.88000000,3.72000000,59.22930000
"TOI-329 b","TOI-329","Transit",2024,5.70439000000,4.94057819,40.40000000,284.38800000
"TOI-406.01","TOI-406","Transit",2024,13.17568200000,2.08000000,6.57000000,31.05970000
"TOI-406 c","TOI-406","Transit",2024,3.30744100000,1.32000000,2.08000000,31.05970000
"TOI-480 b","TOI-480","Transit",2024,6.86619600000,2.85372018,20.80000000,54.53060000
"TOI-654.01","TOI-654","Transit",2024,1.52756100000,2.37800000,8.71000000,57.75530000
"TOI-663 b","TOI-663","Transit",2024,2.59890200000,2.27000000,4.45000000,64.23080000
"TOI-663 c","TOI-663","Transit",2024,4.69555070000,2.26000000,3.65000000,64.23080000
"TOI-663 d","TOI-663","Transit",2024,7.10272680000,1.92000000,5.20000000,64.23080000
"TOI-757 b","TOI-757","Transit",2024,17.46819000000,2.50000000,10.50000000,60.34180000
"TOI-762 A b","TOI-762 A","Transit",2024,3.47168260000,8.33948164,79.77493016,98.44580000
"TOI-771 b","TOI-771","Transit",2024,2.32601550000,1.36000000,2.47000000,25.27880000
"TOI-782 b","TOI-782","Transit",2024,8.02400150000,2.73400000,19.10000000,52.51220000
"TOI-815 b","TOI-815","Transit",2024,11.19725900000,2.94000000,7.60000000,59.71170000
"TOI-1135 b","TOI-1135","Transit",2024,8.02773270000,9.91994792,58.79825529,114.04800000
"TOI-1173 b","TOI-1173","Transit",2024,7.06466000000,9.19000000,27.40000000,132.35300000
"HD 73344 b","HD 73344","Transit",2024,15.61100000000,2.88400000,10.48000000,35.26000000
"K2-419 A b","K2-419 A","Transit",2024,20.35847252000,10.55000000,196.00000000,268.68500000
"TOI-6383 A b","TOI-6383 A","Transit",2024,1.79058695000,11.29000000,331.00000000,171.31900000
"NGTS-33 b","NGTS-33","Transit",2024,2.82797200000,18.38272835,1153.71711741,437.85500000
"TOI-6651 b","TOI-6651","Transit",2024,5.05697300000,5.09000000,61.00000000,212.12800000
"TIC 393818343 b","TIC 393818343","Transit",2024,16.24921000000,12.18416202,1379.37528638,93.73450000
"TOI-238 c","TOI-238","Radial Velocity",2024,8.46565100000,2.18000000,6.70000000,80.54070000
"TIC 139270665 b","TIC 139270665","Transit",2024,23.62400000000,7.22979255,147.15455244,189.87500000
"NGTS-26 b","NGTS-26","Transit",2024,4.51992790000,14.88552637,92.80589484,1093.69000000
"TIC 365102760 b","TIC 365102760","Transit",2024,4.21285367000,6.21000000,19.20000000,555.54600000
"TIC 241249530 b","TIC 241249530","Transit",2024,165.77190000000,13.29385111,1582.78546686,324.44800000
"TIC 46432937 b","TIC 46432937","Transit",2024,1.44044527000,13.31626907,1017.05090240,90.53690000
"TOI-1408 c","TOI-1408","Transit Timing Variations",2024,2.16640000000,2.22000000,7.60000000,139.48400000
"TIC 4672985 b","TIC 4672985","Transit",2024,69.04800000000,11.50041420,4049.13390518,253.38500000
"HD 21520 b","HD 21520","Transit",2024,25.12920000000,2.69700000,17.70000000,79.20800000
"TOI-5301 b","TOI-5301","Transit",2024,5.85885800000,13.09208946,1182.32167404,629.16100000
"TOI-5388.01","TOI-5388","Transit",2024,2.59467480000,0.99000000,2.20000000,18.52260000
"TOI-5616 b","TOI-5616","Transit",2024,2.00284900000,10.78000000,624.00000000,390.41500000
"TOI-5634 A b","TOI-5634 A","Transit",2024,2.20353730000,10.42000000,588.00000000,306.14400000
"TOI-5688 A b","TOI-5688 A","Transit",2024,2.94815527000,10.30000000,124.00000000,226.31800000
"TOI-5720 b","TOI-5720","Transit",2024,1.43445550000,1.09000000,4.30000000,35.82560000
"Wolf 327 b","Wolf 327","Transit",2024,0.57347450000,1.24000000,2.53000000,28.53210000
"TOI-6008 b","TOI-6008","Transit",2024,0.85743470000,1.03000000,4.00000000,23.10080000
"TOI-6016 b","TOI-6016","Transit",2024,4.02368700000,13.67495645,371.85923619,364.71500000
"TOI-6029 b","TOI-6029","Transit",2024,5.79870000000,14.39233122,519.64944544,603.11900000
"TOI-6034 b","TOI-6034","Transit",2024,2.57618400000,11.92000000,254.00000000,117.99200000
"TOI-6054.01","TOI-6054","Transit",2024,7.50142800000,2.64000000,12.50000000,79.40700000
"TOI-6054.02","TOI-6054","Transit",2024,12.56363600000,2.82000000,9.30000000,79.40700000
"TOI-6130 b","TOI-6130","Transit",2024,2.39267900000,14.34749530,333.71982735,220.88200000
"Gliese 12 b","Gliese 12","Transit",2024,12.76141800000,0.93000000,0.95000000,12.21000000
"TOI-6255 b","TOI-6255","Transit",2024,0.23818244000,1.07900000,1.44000000,20.31670000
"TOI-815 c","TOI-815","Transit",2024,34.97614500000,2.62000000,23.50000000,59.71170000
"TOI-4153 b","TOI-4153","Transit",2024,4.61741410000,16.11851425,365.50266805,423.84000000
"TOI-4336 A b","TOI-4336 A","Transit",2024,16.33635100000,2.13700000,3.33000000,22.54550000
"TOI-4379 b","TOI-4379","Transit",2024,3.25352000000,16.69017226,353.74301699,645.15800000
"TOI-4438 b","TOI-4438","Transit",2024,7.44628000000,2.52000000,5.40000000,30.03460000
"TOI-4495 c","TOI-4495","Transit",2024,5.18553000000,4.03000000,23.20000000,132.21400000
"TOI-4504 c","TOI-4504","Transit",2024,82.97213000000,11.09689089,1197.32317485,342.60500000
"TOI-4515 b","TOI-4515","Transit",2024,15.26644600000,12.17000000,637.00000000,193.49900000
"TOI-4633 c","TOI-4633","Transit",2024,271.94450000000,3.20000000,123.00000000,95.20160000
"NGTS-30 b","NGTS-30","Transit",2024,98.29838000000,10.40193409,305.11527072,238.37700000
"TOI-4914 b","TOI-4914","Transit",2024,10.60057000000,12.87000000,227.00000000,299.89000000
"BD-14 3065 b","BD-14 3065 A","Transit",2024,4.28897310000,21.59000000,3932.00000000,589.42300000
"TOI-4994 b","TOI-4994","Transit",2024,21.49198400000,8.54124329,88.99195396,329.30400000
"TOI-5005 b","TOI-5005","Transit",2024,6.30850440000,6.25000000,32.70000000,207.89100000
"TOI-5076 b","TOI-5076","Transit",2024,23.44316200000,3.48935569,16.14568308,82.85700000
"TOI-5110 b","TOI-5110","Transit",2024,30.15857700000,11.98240037,921.70238030,392.25900000
"TOI-5218 b","TOI-5218","Transit",2024,4.29145200000,9.86000000,657.00000000,377.48300000
"TOI-5232 b","TOI-5232","Transit",2024,4.09666920000,12.77823800,743.71847238,609.38800000
"TOI-2537 b","TOI-2537","Transit",2024,94.10220000000,11.25381662,415.40172795,184.98600000
"TOI-2580 b","TOI-2580","Transit",2024,3.39775000000,17.37392009,200.23189641,379.25300000
"TOI-2714 b","TOI-2714","Transit",2024,2.49938700000,13.72000000,228.00000000,597.87300000
"TOI-2981 b","TOI-2981","Transit",2024,3.60150100000,13.40000000,638.00000000,527.78900000
"TOI-3071 b","TOI-3071","Transit",2024,1.26693800000,7.16000000,68.20000000,485.21900000
"NGTS-27 b","NGTS-27","Transit",2024,3.37041810000,15.64773706,188.47224535,942.12200000
"TOI-3261 b","TOI-3261","Transit",2024,0.88313310000,3.82000000,30.30000000,300.14100000
"TOI-3321 b","TOI-3321","Transit",2024,3.65251450000,15.55806521,176.07693748,285.89500000
"TOI-3568 b","TOI-3568","Transit",2024,4.41796500000,5.30000000,26.40000000,197.90600000
"TOI-3894 b","TOI-3894","Transit",2024,4.33454000000,15.27784069,260.61929374,417.36500000
"TOI-3919 b","TOI-3919","Transit",2024,7.43323400000,12.31866979,1233.17421916,604.59100000
"TOI-1824 b","TOI-1824","Transit",2024,22.80853300000,2.74382690,16.00000000,59.43140000
"TOI-1836 b","TOI-1836","Transit",2024,20.38079900000,8.00321222,38.45723725,191.64900000
"TOI-1836 c","TOI-1836","Transit",2024,1.77274710000,2.59987579,8.00000000,191.64900000
"TOI-1855 b","TOI-1855","Transit",2024,1.36414864000,18.49481816,360.09958513,176.83300000
"TOI-1898 b","TOI-1898","Transit",2024,45.52234000000,9.39553231,129.00000000,79.66820000
"TOI-3984 A b","TOI-3984 A","Transit",2023,4.35332600000,7.90000000,44.00000000,108.88300000
"TOI-4010 c","TOI-4010","Transit",2023,5.41465400000,5.93000000,20.31000000,177.50400000
"TOI-4010 d","TOI-4010","Transit",2023,14.70886000000,6.18000000,38.15000000,177.50400000
"TOI-4010 b","TOI-4010","Transit",2023,1.34833500000,3.02000000,11.00000000,177.50400000
"TOI-1853 b","TOI-1853","Transit",2023,1.24362580000,3.46000000,73.20000000,165.10500000
"TOI-1937 A b","TOI-1937 A","Transit",2023,0.94667944000,13.97759893,638.83509807,415.13500000
"TOI-2000 c","TOI-2000","Transit",2023,9.12705500000,8.14000000,81.70000000,175.71300000
"TOI-2000 b","TOI-2000","Transit",2023,3.09833000000,2.70000000,11.00000000,175.71300000
"TOI-2010 b","TOI-2010","Transit",2023,141.83402500000,11.81426566,408.72733140,109.19000000
"TOI-2015 b","TOI-2015","Transit",2023,3.34823700000,3.30900000,9.20000000,47.34440000
"TOI-2095 b","TOI-2095","Transit",2023,17.66484000000,1.25000000,4.10000000,41.91760000
"TOI-2095 c","TOI-2095","Transit",2023,28.17232000000,1.33000000,7.40000000,41.91760000
"TOI-2134 b","TOI-2134","Transit",2023,9.22920050000,2.69000000,9.13000000,22.62020000
"TOI-2134 c","TOI-2134","Transit",2023,95.50000000000,7.27000000,41.89000000,22.62020000
"TOI-2141 b","TOI-2141","Transit",2023,18.26160800000,3.14700000,20.10000000,77.68200000
"TOI-2145 b","TOI-2145","Transit",2023,10.26112800000,12.24020692,1805.26535176,224.73100000
"TOI-2152 A b","TOI-2152","Transit",2023,3.37735120000,14.35870428,899.45439181,303.00600000
"TOI-2154 b","TOI-2154","Transit",2023,3.82408010000,16.28664896,292.40213444,296.46000000
"TOI-2338 b","TOI-2338","Transit",2023,22.65398000000,11.20898070,1900.61387386,313.99600000
"TOI-2364 b","TOI-2364","Transit",2023,4.01975170000,8.60849718,71.51139158,219.61400000
"TOI-2373 b","TOI-2373","Transit",2023,13.33668000000,10.42435205,2955.80418510,508.68600000
"TOI-2416 b","TOI-2416","Transit",2023,8.27547900000,9.86390302,953.48522100,557.73300000
"TOI-2497 b","TOI-2497","Transit",2023,10.65566900000,11.14172682,1531.93292174,285.28900000
"TOI-2498 b","TOI-2498","Transit",2023,3.73825200000,6.06000000,34.62000000,275.26500000
"TOI-2524 b","TOI-2524","Transit",2023,7.18585000000,11.20898070,203.41018048,438.84200000
"TOI-2525 b","TOI-2525","Transit",2023,23.28560000000,8.67575106,26.69758619,395.39800000
"TOI-2525 c","TOI-2525","Transit",2023,49.25190000000,10.13291855,208.81326340,395.39800000
"TOI-1194 b","TOI-1194","Transit",2023,2.31064460000,8.71664516,120.00000000,149.66700000
"TOI-1221 b","TOI-1221","Transit",2023,91.68278000000,2.91000000,1112.39942450,138.41100000
"TOI-1408 b","TOI-1408","Transit",2023,4.42587000000,25.00000000,593.00000000,139.48400000
"TOI-1416 b","TOI-1416","Transit",2023,1.06975680000,1.62000000,3.48000000,55.01350000
"TOI-1420 b","TOI-1420","Transit",2023,6.95610630000,11.89000000,25.10000000,201.91800000
"HD 235088 b","HD 235088","Transit",2023,7.43413250000,1.98200000,4.15000000,41.17060000
"TOI-1470 b","TOI-1470","Transit",2023,2.52709300000,2.18000000,7.32000000,51.95030000
"HIP 9618 b","HIP 9618","Transit",2023,20.77285800000,3.82838127,8.30000000,67.54780000
"HIP 9618 c","HIP 9618","Transit",2023,52.56363000000,3.42855926,7.00000000,67.54780000
"HD 6061 b","HD 6061","Transit",2023,5.25490000000,2.42763557,10.00000000,67.62030000
"TOI-1694 b","TOI-1694","Transit",2023,3.77010700000,5.34222660,31.30000000,124.68000000
"TOI-1736 b","TOI-1736","Transit",2023,7.07307600000,3.18175535,12.30000000,88.94820000
"TOI-1801 b","TOI-1801","Transit",2023,10.64387000000,2.07900000,5.73800000,30.67960000
"TOI-1811 b","TOI-1811","Transit",2023,3.71307650000,11.14172682,308.92921160,128.23000000
"TOI-181 b","TOI-181","Transit",2023,4.53200000000,6.95590000,46.16870000,96.23380000
"TOI-199 b","TOI-199","Transit",2023,104.85400000000,9.07927437,54.03082919,102.27000000
"TOI-244 b","TOI-244","Transit",2023,7.39722500000,1.52000000,2.68000000,22.03370000
"HIP 8152 b","HIP 8152","Transit",2023,10.75101400000,2.53625843,8.90000000,101.69400000
"HIP 8152 c","HIP 8152","Transit",2023,19.60562000000,2.52442508,10.70000000,101.69400000
"TOI-332 b","TOI-332","Transit",2023,0.77703800000,3.20000000,57.20000000,222.85200000
"HD 25463 b","HD 25463","Transit",2023,7.04914230000,2.54535814,8.70000000,45.61810000
"HD 25463 c","HD 25463","Transit",2023,3.04405000000,1.36354953,4.30000000,45.61810000
"TOI-615 b","TOI-615","Transit",2023,4.66159830000,18.97680433,138.25535705,360.40800000
"TOI-622 b","TOI-622","Transit",2023,6.40251300000,9.23620010,96.30200732,123.29700000
"TOI-669 b","TOI-669","Transit",2023,3.94515200000,2.58606487,10.00000000,142.86700000
"TOI-672 b","TOI-672","Transit",2023,3.63358100000,5.31000000,50.90000000,66.90710000
"TOI-733 b","TOI-733","Transit",2023,4.88476500000,1.99200000,5.72000000,75.20920000
"TOI-778 b","TOI-778","Transit",2023,4.63361100000,15.40000000,878.00000000,161.74300000
"TOI-784 b","HD 307842","Transit",2023,2.79703650000,1.93000000,9.67000000,64.59970000
"TOI-836 b","TOI-836","Transit",2023,3.81673000000,1.70400000,4.53000000,27.50240000
"TOI-858 B b","TOI-858 B","Transit",2023,3.27971780000,14.06727078,349.61124770,250.48900000
"TOI-908 b","TOI-908","Transit",2023,3.18379200000,3.18600000,16.13700000,175.74800000
"TOI-1052 b","TOI-1052","Transit",2023,9.13970300000,2.87000000,16.90000000,129.80400000
"EPIC 229004835 b","EPIC 229004835","Transit",2023,16.14113200000,2.33200000,10.40000000,121.97100000
"KOI-2513.01","KOI-2513","Transit",2023,19.00547000000,2.80224517,7310.05336100,1369.87000000
"Kepler-139 d","Kepler-139","Transit",2023,7.30569992200,1.69500000,4.65807623,391.03800000
"WASP-193 b","WASP-193","Transit",2023,6.24634750000,14.78464554,35.59678158,362.08700000
"LP 791-18 d","LP 791-18","Transit",2023,2.75485000000,1.03200000,0.91000000,26.49270000
"HD 207496 b","HD 207496","Transit",2023,6.44100800000,2.25000000,6.10000000,23.60600000
"K2-416 b","K2-416","Transit",2023,13.10200000000,2.66000000,1652.70771640,120.31100000
"K2-417 b","K2-417","Transit",2023,6.53500000000,3.31000000,699.22249540,94.04240000
"TOI-2018 b","TOI-2018","Transit",2023,7.43558300000,2.26800000,9.20000000,27.99560000
"HD 22946 d","HD 22946","Transit",2023,47.42489000000,2.60700000,26.57000000,62.77920000
"TOI-1470 c","TOI-1470","Transit",2023,18.08816000000,2.47000000,7.24000000,51.95030000
"TOI-4600 c","TOI-4600","Transit",2023,482.81910000000,9.42000000,2946.26933289,216.05600000
"TOI-198 b","TOI-198","Transit",2023,10.21521300000,1.36000000,3.17000000,23.72620000
"HIP 29442 c","TOI-469","Radial Velocity",2023,3.53795590000,1.55100000,4.50000000,68.19200000
"HIP 29442 d","TOI-469","Radial Velocity",2023,6.42957500000,1.53800000,5.14000000,68.19200000
"GJ 806 b","GJ 806","Transit",2023,0.92632370000,1.33100000,1.90000000,12.04450000
"HD 110067 b","HD 110067","Transit",2023,9.11367800000,2.20000000,5.69000000,32.15850000
"HD 110067 c","HD 110067","Transit",2023,13.67369400000,2.38800000,6.30000000,32.15850000
"HD 110067 d","HD 110067","Transit",2023,20.51961700000,2.85200000,8.52000000,32.15850000
"HD 110067 e","HD 110067","Transit",2023,30.79309100000,1.94000000,3.90000000,32.15850000
"HD 110067 f","HD 110067","Transit",2023,41.05854000000,2.60100000,5.04000000,32.15850000
"HD 110067 g","HD 110067","Transit",2023,54.76992000000,2.60700000,8.40000000,32.15850000
"HD 88986 b","HD 88986","Radial Velocity",2023,146.05000000000,2.49000000,17.20000000,33.26730000
"TOI-2443 b","TOI-2443","Transit",2023,15.66858000000,2.36300000,4.80000000,23.92580000
"TOI-5293 A b","TOI-5293 A","Transit",2023,2.93028900000,11.90000000,170.40000000,162.22900000
"TOI-5344 b","TOI-5344","Transit",2023,3.79262200000,10.60369574,130.94530368,138.36700000
"TOI-5398 c","TOI-5398","Transit",2023,4.77271000000,3.52000000,11.80000000,130.85500000
"TOI-5678 b","TOI-5678","Transit",2023,47.73022000000,4.91000000,20.00000000,165.39300000
"TIC 279401253 b","TIC 279401253","Transit",2023,76.80000000000,11.20898070,1951.46641898,285.58400000
"K2-415 b","K2-415","Transit",2023,4.01796940000,1.01500000,7.50000000,21.81820000
"WASP-84 c","WASP-84","Transit",2023,1.44688490000,1.95000000,15.20000000,100.58800000
"TOI-4087 b","TOI-4087","Transit",2023,3.17748350000,13.04725353,232.01473711,301.67600000
"TOI-4127 b","TOI-4127","Transit",2023,56.39870000000,12.07000000,743.71847238,319.63200000
"TOI-4145 A b","TOI-4145 A","Transit",2023,4.06644280000,13.30506009,136.66621501,205.38700000
"TOI-4201 b","TOI-4201","Transit",2023,3.58191940000,13.67495645,788.21444936,189.01100000
"TOI-4342 b","TOI-4342","Transit",2023,5.53825920000,2.32900000,7.30000000,61.52040000
"TOI-4342 c","TOI-4342","Transit",2023,10.68866200000,2.34900000,4.80000000,61.52040000
"TOI-4377 b","TOI-4377","Transit",2023,4.37808100000,15.10970598,304.16178550,455.82000000
"TOI-4406 b","TOI-4406","Transit",2023,30.08364000000,11.20898070,95.34852210,261.83400000
"TOI-4463 A b","TOI-4463 A","Transit",2023,2.88071980000,13.26022417,252.35575516,173.11700000
"TOI-4551 b","TOI-4551","Transit",2023,9.95581000000,11.85910158,473.56432643,215.98600000
"TOI-4582 b","TOI-4582","Transit",2023,31.03400000000,10.53644186,168.44905571,383.84600000
"TOI-4600 b","TOI-4600","Transit",2023,82.68690000000,6.80000000,959.84178914,216.05600000
"TOI-4603 b","TOI-4603","Transit",2023,7.24599000000,11.67975789,4096.80816623,225.64300000
"TOI-4641 b","TOI-4641","Transit",2023,22.09341000000,8.18255591,1229.99593509,86.35010000
"TOI-4791 b","TOI-4791","Transit",2023,4.28088000000,12.44196858,734.18362017,328.80200000
"TOI-4860 b","TOI-4860","Transit",2023,1.52275910000,8.70000000,86.70000000,80.14230000
"TOI-5205 b","TOI-5205","Transit",2023,1.63075700000,11.60000000,343.00000000,86.44930000
"TOI-2583 A b","TOI-2583 A","Transit",2023,4.52072650000,14.45958510,79.45710175,566.18900000
"TOI-2587 A b","TOI-2587 A","Transit",2023,5.45664000000,12.07207221,69.28659273,373.67500000
"TOI-2589 b","TOI-2589","Transit",2023,61.62770000000,12.10569916,1112.39942450,200.27300000
"TOI-2641 b","TOI-2641","Transit",2023,4.88097400000,18.10250383,122.68176510,344.04500000
"TOI-2796 b","TOI-2796","Transit",2023,4.80849830000,17.26183028,139.84449908,350.34300000
"TOI-2803 A b","TOI-2803 A","Transit",2023,1.96229325000,18.11371281,309.88269682,494.81800000
"TOI-2818 b","TOI-2818","Transit",2023,4.03970900000,15.27784069,225.65816897,312.67400000
"TOI-2842 b","TOI-2842","Transit",2023,3.55140580000,12.84549188,117.59651059,460.99500000
"TOI-3023 b","TOI-3023","Transit",2023,3.90149710000,16.43236571,197.05361234,389.91600000
"TOI-3235 b","TOI-3235","Transit",2023,2.59261842000,11.39953337,211.35589065,72.81100000
"TOI-3364 b","TOI-3364","Transit",2023,5.87689180000,12.22899794,530.77343969,277.89900000
"TOI-3688 A b","TOI-3688 A","Transit",2023,3.24607500000,13.08088048,311.47183886,396.37800000
"TOI-3785 b","TOI-3785","Transit",2023,4.67473730000,5.14000000,14.95000000,79.76340000
"TOI-3807 b","TOI-3807","Transit",2023,2.89897270000,18.49481816,330.54154328,421.74500000
"TOI-3819 b","TOI-3819","Transit",2023,3.24431410000,13.13692538,352.78953177,558.14100000
"TOI-3912 b","TOI-3912","Transit",2023,3.49362640000,14.28024141,129.03833324,465.99200000
"TOI-3976 A b","TOI-3976 A","Transit",2023,6.60766200000,12.27383387,55.61997123,516.08700000
"TOI-1411 b","TOI-1411","Transit",2022,1.45205270000,1.19880592,2.00000000,32.47780000
"GJ 3929 b","GJ 3929","Transit",2022,2.61623500000,1.09000000,1.75000000,15.80950000
"TOI-1759 b","TOI-1759","Transit",2022,18.85019000000,3.14000000,10.80000000,40.06540000
"HD 73583 b","HD 73583","Transit",2022,6.39804200000,2.79000000,10.20000000,31.56660000
"HD 73583 c","HD 73583","Transit",2022,18.87974000000,2.39000000,9.70000000,31.56660000
"TOI-1670 b","TOI-1670","Transit",2022,10.98462000000,2.06000000,41.31769291,168.06700000
"TOI-1670 c","TOI-1670","Transit",2022,40.74976000000,11.06326395,200.23189641,168.06700000
"TOI-1246 b","TOI-1246","Transit",2022,4.30744000000,3.01000000,8.10000000,169.42200000
"TOI-1246 c","TOI-1246","Transit",2022,5.90413700000,2.45109846,9.10000000,169.42200000
"TOI-1246 d","TOI-1246","Transit",2022,18.65487400000,3.43139739,5.40000000,169.42200000
"TOI-1246 e","TOI-1246","Transit",2022,37.92548000000,3.51418750,14.50000000,169.42200000
"TOI-1696 b","TOI-1696","Transit",2022,2.50031100000,3.09000000,48.80000000,64.91720000
"TOI-2136 b","TOI-2136","Transit",2022,7.85192800000,2.19000000,6.37000000,33.36310000
"HIP 94235 b","HIP 94235","Transit",2022,7.71305700000,3.00000000,379.00000000,58.51460000
"TOI-1710 b","TOI-1710","Transit",2022,24.28337700000,5.20315158,22.40000000,81.22710000
"TOI-1181 b","TOI-1181","Transit",2022,2.10318900000,17.02644168,374.71969185,302.81900000
"TOI-1516 b","TOI-1516","Transit",2022,2.05601400000,15.24421375,1004.33776612,247.05400000
"TOI-2046 b","TOI-2046","Transit",2022,1.49718420000,16.14093221,731.00533610,289.66800000
"WASP-132 c","WASP-132","Transit",2022,1.01153624000,1.84100000,6.26000000,122.91000000
"Gaia-1 b","Gaia-1","Transit",2022,3.05252400000,13.77583728,533.95172376,363.66000000
"Gaia-2 b","Gaia-2","Transit",2022,3.69152240000,14.81827249,259.66580852,209.22900000
"TOI-1107 b","TOI-1107","Transit",2022,4.07823870000,14.57167491,1064.72516345,281.31400000
"HD 28109 b","HD 28109","Transit",2022,22.89105400000,2.69000000,6.20000000,139.61100000
"HD 28109 c","HD 28109","Transit",2022,55.99712000000,4.13000000,9.20000000,139.61100000
"HD 28109 d","HD 28109","Transit",2022,84.28990000000,3.11000000,5.80000000,139.61100000
"HD 260655 b","HD 260655","Transit",2022,2.76953000000,1.24000000,2.14000000,10.00550000
"HD 260655 c","HD 260655","Transit",2022,5.70588000000,1.53300000,3.09000000,10.00550000
"TOI-3714 b","TOI-3714","Transit",2022,2.15484900000,11.32107051,222.47988490,112.71000000
"TOI-3629 b","TOI-3629","Transit",2022,3.93655100000,8.29464572,82.63538582,130.09100000
"TOI-1272 b","TOI-1272","Transit",2022,3.31599000000,4.13204907,27.00000000,137.57200000
"Kepler-1972 b","Kepler-1972","Transit",2022,7.54425000000,0.80200000,2.02000000,287.33900000
"KOI-4777.01","KOI-4777","Transit",2022,0.41200000000,0.51000000,99.20000000,172.24500000
"Kepler-1972 c","Kepler-1972","Transit",2022,11.32950000000,0.86800000,2.11000000,287.33900000
"TOI-5398 b","TOI-5398","Transit",2022,10.59054700000,10.30000000,58.70000000,130.85500000
"TOI-5542 b","TOI-5542","Transit",2022,75.12375000000,11.30986153,419.53349724,348.84900000
"HD 23472 f","HD 23472","Transit",2022,12.16218390000,1.13700000,0.77000000,39.03410000
"HD 23472 d","HD 23472","Transit",2022,3.97664000000,0.75000000,0.55000000,39.03410000
"HD 23472 e","HD 23472","Transit",2022,7.90754000000,0.81800000,0.72000000,39.03410000
"TOI-1260 d","TOI-1260","Transit",2022,16.60816400000,3.12000000,11.84000000,73.59770000
"LP 890-9 c","LP 890-9","Transit",2022,8.45746300000,1.36700000,25.30000000,32.42980000
"NGTS-21 b","NGTS-21","Transit",2022,1.54338970000,14.90794433,750.07504052,592.89100000
"NGTS-23 b","NGTS-23","Transit",2022,4.07643260000,14.20177855,194.82881349,1074.95000000
"NGTS-25 b","NGTS-25","Transit",2022,2.82309300000,11.46678726,203.09235207,521.23300000
"HD 114082 b","HD 114082","Radial Velocity",2022,109.75000000000,11.20898070,2542.62725600,95.39060000
"TOI-4137 b","TOI-4137","Transit",2022,3.80161220000,13.57407563,457.67290608,334.99300000
"NGTS-24 b","NGTS-24","Transit",2022,3.46787960000,13.60770257,165.27077164,683.06200000
"LP 890-9 b","LP 890-9","Transit",2022,2.72990250000,1.32000000,13.20000000,32.42980000
"HD 20329 b","HD 20329","Transit",2022,0.92611800000,1.72000000,7.42000000,63.67960000
"TOI-2567 b","TOI-2567","Transit",2022,5.98394400000,10.92875618,63.88350981,504.77500000
"TOI-2570 b","TOI-2570","Transit",2022,2.98876150000,13.64132951,260.61929374,361.85700000
"TOI-3331 A b","TOI-3331 A","Transit",2022,2.01802310000,12.97999965,721.47048389,217.19300000
"TOI-3693 b","TOI-3693","Transit",2022,9.08851600000,12.59889431,324.18497514,176.43600000
"TOI-3757 b","TOI-3757","Transit",2022,3.43875300000,12.00000000,85.30000000,181.13900000
"TOI-3884 b","TOI-3884","Transit",2022,4.54458280000,6.43000000,32.59000000,43.14480000
"TOI-2025 b","TOI-2025","Transit",2022,8.87209820000,11.89272852,1144.18226520,335.98500000
"TOI-2158 b","TOI-2158","Transit",2022,8.60077000000,10.76062147,260.61929374,198.47300000
"TOI-2193 A b","TOI-2193 A","Transit",2022,2.12257350000,19.83989584,298.75870258,337.06400000
"TOI-2196 b","TOI-2196","Transit",2022,1.19472680000,3.51000000,26.00000000,259.94700000
"TOI-2207 b","TOI-2207","Transit",2022,8.00196800000,11.15293580,203.41018048,373.34500000
"TOI-2236 b","TOI-2236","Transit",2022,3.53159020000,14.36991326,502.16888306,355.59000000
"TOI-2421 b","TOI-2421","Transit",2022,4.34740320000,10.36830715,105.83685953,327.92700000
"TOI-1238 c","TOI-1238","Transit",2022,3.29473600000,2.11000000,8.32000000,70.71450000
"TOI-1238 b","TOI-1238","Transit",2022,0.76459700000,1.21000000,3.76000000,70.71450000
"TOI-1288 b","TOI-1288","Transit",2022,2.69982790000,4.96846551,44.10000000,114.86500000
"TOI-1452 b","TOI-1452","Transit",2022,11.06201000000,1.67200000,4.82000000,30.52120000
"TOI-1468 c","TOI-1468","Transit",2022,15.53247700000,2.12600000,4.10000000,24.73990000
"TOI-1468 b","TOI-1468","Transit",2022,1.88052010000,1.40100000,3.04000000,24.73990000
"TOI-1695 b","TOI-1695","Transit",2022,3.13427910000,1.90000000,6.36000000,45.13090000
"TOI-1820 b","TOI-1820","Transit",2022,4.86067400000,12.77823800,731.00533610,248.50400000
"TOI-5153 b","TOI-5153","Transit",2022,20.33003000000,11.88151954,1036.12060682,390.48400000
"NGTS-20 b","NGTS-20","Transit",2022,54.18915000000,11.99360935,947.12865286,382.89800000
"TOI-1422 b","TOI-1422","Transit",2022,12.99894000000,3.83000000,9.50000000,155.14100000
"CoRoT-35 b","CoRoT-35","Transit",2022,3.22748000000,18.83108758,349.61124770,1123.21000000
"CoRoT-36 b","CoRoT-36","Transit",2022,5.61653100000,15.80466279,216.12331676,925.95800000
"HD 93963 A b","HD 93963 A","Transit",2022,1.03761090000,1.46954368,2.80000000,82.34320000
"HD 93963 A c","HD 93963 A","Transit",2022,3.64513890000,3.11976057,18.40000000,82.34320000
"GJ 3090 b","GJ 3090","Transit",2022,2.85310198000,2.18000000,4.52000000,22.47510000
"HD 18599 b","HD 18599","Transit",2022,4.13743540000,2.60000000,24.10000000,38.56530000
"TOI-411 c","HD 22946","Transit",2022,9.57308300000,2.32800000,9.72000000,62.77920000
"TOI-411 b","HD 22946","Transit",2022,4.04029500000,1.36200000,13.71000000,62.77920000
"TOI-969 b","TOI-969","Transit",2022,1.82373050000,2.76500000,9.10000000,77.25540000
"K2-370 b","K2-370","Transit",2022,2.14080930000,2.67000000,11.10000000,144.20200000
"TOI-2180 b","TOI-2180","Transit",2022,260.79000000000,11.32107051,875.61726129,116.68500000
"LTT 1445 A c","LTT 1445 A","Transit",2022,3.12390350000,1.14700000,1.54000000,6.86929000
"TOI-1064 b","TOI-1064","Transit",2022,6.44386800000,2.58700000,13.50000000,68.07260000
"TOI-1064 c","TOI-1064","Transit",2022,12.22657400000,2.65100000,2.50000000,68.07260000
"TOI-2184 b","TOI-2184","Transit",2022,6.90683000000,11.39953337,206.58846455,788.31700000
"TOI-1268 b","TOI-1268","Transit",2022,8.15770940000,9.10000000,96.40000000,109.55700000
"TOI-2337 b","TOI-2337","Transit",2022,2.99432000000,10.08808263,508.52545120,536.04600000
"TOI-4329 b","TOI-4329","Transit",2022,2.92230000000,16.81347105,143.02278315,717.12800000
"TOI-2669 b","TOI-2669","Transit",2022,6.20340000000,19.72780603,193.87532827,393.44300000
"TOI-500 b","TOI-500","Transit",2022,0.54817700000,1.16600000,1.42000000,47.39240000
"TOI-544 b","TOI-544","Transit",2022,1.54835200000,2.01800000,2.89000000,41.11660000
"TOI-1075 b","TOI-1075","Transit",2022,0.60473280000,1.79100000,9.95000000,61.45920000
"TOI-1259 A b","TOI-1259 A","Transit",2021,3.47797920000,11.60000000,141.00000000,118.10600000
"TOI-1807 b","TOI-1807","Transit",2021,0.54937097000,1.49681583,2.44000000,42.57750000
"TOI-2076 b","TOI-2076","Transit",2021,10.35504000000,2.59000000,6.70000000,41.90910000
"TOI-2076 c","TOI-2076","Transit",2021,21.01447000000,3.54000000,7.20000000,41.90910000
"TOI-2076 d","TOI-2076","Transit",2021,35.12803000000,3.27000000,7.30000000,41.90910000
"HAT-P-58 b","HAT-P-58","Transit",2021,4.01383790000,14.93036229,118.23216740,515.59000000
"HAT-P-59 b","HAT-P-59","Transit",2021,4.14197710000,12.58768533,489.45574678,265.47100000
"HAT-P-60 b","HAT-P-60","Transit",2021,4.79478130000,18.28184752,182.43350562,233.22000000
"HAT-P-61 b","HAT-P-61","Transit",2021,1.90231289000,10.07687365,335.94462620,338.84000000
"HAT-P-62 b","HAT-P-62","Transit",2021,2.64532350000,12.02723629,241.86741773,348.81500000
"HAT-P-63 b","HAT-P-63","Transit",2021,3.37772800000,12.54284940,195.14664190,403.45800000
"HAT-P-64 b","HAT-P-64","Transit",2021,4.00723200000,19.08889413,184.34047606,651.89700000
"TOI-1749 b","TOI-1749","Transit",2021,2.38839000000,1.39000000,57.00000000,99.55610000
"TOI-1749 c","TOI-1749","Transit",2021,4.49290000000,2.12000000,14.00000000,99.55610000
"TOI-1749 d","TOI-1749","Transit",2021,9.04970000000,2.52000000,15.00000000,99.55610000
"TOI-1062 b","TOI-1062","Transit",2021,4.11296000000,2.26500000,10.15000000,82.17330000
"TOI-1278 b","TOI-1278","Transit",2021,14.47567000000,12.21778896,5879.82552950,75.57590000
"AU Mic c","AU Mic","Transit",2021,18.85902300000,2.79000000,14.46000000,9.72210000
"TOI-2406 b","TOI-2406","Transit",2021,3.07668910000,2.86000000,15.60000000,55.41900000
"TOI-532 b","TOI-532","Transit",2021,2.32665080000,5.82000000,61.50000000,135.04700000
"TOI-431 b","TOI-431","Transit",2021,0.49004700000,1.28000000,3.07000000,32.56860000
"TOI-431 d","TOI-431","Transit",2021,12.46103000000,3.29000000,9.90000000,32.56860000
"TOI-2202 b","TOI-2202","Transit",2021,11.91260750000,10.95117414,287.31687993,235.93300000
"TOI-1518 b","TOI-1518","Transit",2021,1.90261131000,21.05046575,581.62598481,225.88800000
"TIC 172900988 b","TIC 172900988 Aa","Transit",2021,200.45200000000,11.25000000,942.00000000,250.95600000
"TOI-1201 b","TOI-1201","Transit",2021,2.49198630000,2.41500000,6.28000000,37.88710000
"GPX-1 b","GPX-1","Transit",2021,1.74457900000,16.47720163,6261.21961790,655.01300000
"TOI-558 b","TOI-558","Transit",2021,14.57407100000,12.17295304,1147.36054927,402.63000000
"TOI-559 b","TOI-559","Transit",2021,6.98390950000,12.22899794,1910.14872607,233.26600000
"TIC 257060897 b","TIC 257060897","Transit",2021,3.66003639000,17.26183028,201.50321004,505.70300000
"TOI-251 b","TOI-251","Transit",2021,4.93777000000,2.74000000,317.83000000,99.52300000
"NGTS-13 b","NGTS-13","Transit",2021,4.11902700000,12.80067800,1538.29720000,647.59500000
"HD 110113 b","HD 110113","Transit",2021,2.54100000000,2.05000000,4.55000000,106.30700000
"TOI-178 b","TOI-178","Transit",2021,1.91456010000,1.20000000,0.96000000,62.69900000
"TOI-178 c","TOI-178","Transit",2021,3.23848600000,1.75400000,4.64000000,62.69900000
"TOI-178 d","TOI-178","Transit",2021,6.55756900000,2.69500000,5.20000000,62.69900000
"TOI-178 e","TOI-178","Transit",2021,9.96318000000,2.30100000,3.48000000,62.69900000
"EPIC 201595106 b","EPIC 201595106","Transit",2021,0.87724000000,1.56500000,7.67000000,232.10000000
"Kepler-1704 b","Kepler-1704","Transit",2021,988.88112000000,11.94877343,1322.16617312,835.45500000
"Kepler-1876 b","Kepler-1876","Transit",2021,6.99205000000,0.85300000,2.40000000,259.93500000
"Kepler-1705 b","Kepler-1705","Transit",2021,9.03502000000,2.03000000,4.47000000,1633.49000000
"KOI-3503 b","KOI-3503","Transit",2021,21.18500000000,1.19000000,9.20000000,887.06400000
"KOI-1833 d","Kepler-968","Transit",2021,7.68500000000,2.58000000,11.02000000,290.32400000
"KOI-3503 c","KOI-3503","Transit",2021,31.82800000000,1.21000000,10.36000000,887.06400000
"TOI-1203.01","TOI-1203","Transit",2021,25.50267200000,2.91800000,7.39000000,64.99430000
"TOI-1774.01","TOI-1774","Transit",2021,16.70988000000,2.78000000,8.50000000,53.97400000
"TOI-469.01","TOI-469","Transit",2021,13.63082050000,3.41000000,9.10000000,68.19200000
"TOI-836.01","TOI-836","Transit",2021,8.59545000000,2.58700000,9.60000000,27.50240000
"TOI-1431 b","TOI-1431","Transit",2021,2.65023700000,16.70138124,991.62462984,148.92500000
"TOI-530 b","TOI-530","Transit",2021,6.38759700000,9.30345398,127.13136280,148.76200000
"TOI-1789 b","TOI-1789","Transit",2021,3.20866400000,16.14093221,222.47988490,229.06700000
"TOI-1296 b","TOI-1296","Transit",2021,3.94437360000,14.11645916,95.30000000,323.26500000
"TOI-1298 b","TOI-1298","Transit",2021,4.53714300000,9.65807033,99.00000000,319.03600000
"HD 63935 b","HD 63935","Transit",2021,9.05880700000,2.91575244,10.50000000,48.97390000
"HD 63935 c","HD 63935","Radial Velocity",2021,21.40270000000,3.06451296,11.10000000,48.97390000
"TOI-3362 b","TOI-3362","Transit",2021,18.09547000000,12.80065596,1598.35905880,366.98700000
"HIP 97166 b","HIP 97166","Transit",2021,10.28891400000,2.48013380,19.10000000,65.95010000
"HD 207897 b","HD 207897","Transit",2021,16.20166000000,2.34302132,14.80000000,28.29380000
"HD 137496 b","HD 137496","Transit",2021,1.62116000000,1.31000000,4.04000000,155.31700000
"GJ 367 b","GJ 367","Transit",2021,0.32192250000,0.69900000,0.63300000,9.41263000
"TOI-2109 b","TOI-2109","Transit",2021,0.67247414000,15.09849700,1595.49860314,262.04100000
"TOI-1842 b","TOI-1842","Transit",2021,9.57391810000,12.34850230,89.40000000,223.46500000
"HATS-74 A b","HATS-74 A","Transit",2021,1.73185606000,11.56766808,464.02947422,299.38900000
"HATS-75 b","HATS-75","Transit",2021,2.78865560000,9.90873894,156.05374784,194.96400000
"HATS-76 b","HATS-76","Transit",2021,1.94164230000,12.09449018,835.57088200,385.68900000
"HATS-77 b","HATS-77","Transit",2021,3.08762620000,13.05846252,436.69623122,436.17600000
"Kepler-1708 b","Kepler-1708","Transit",2021,737.11310000000,9.96000000,1462.01067220,1666.69000000
"Kepler-1705 c","Kepler-1705","Transit",2021,11.28000000000,2.05000000,5.42000000,1633.49000000
"TOI-178 f","TOI-178","Transit",2021,15.23335000000,2.41700000,5.63000000,62.69900000
"TOI-178 g","TOI-178","Transit",2021,20.71663000000,2.93900000,4.40000000,62.69900000
"HD 183579 b","HD 183579","Transit",2021,17.47129100000,3.49000000,20.40000000,57.26510000
"NGTS-14 A b","NGTS-14 A","Transit",2021,3.53571730000,4.97679600,29.24036000,322.14800000
"K2-138 g","K2-138","Transit",2021,41.96797000000,3.01300000,4.32000000,202.58500000
"TOI-628 b","TOI-628","Transit",2021,3.40956750000,11.88154000,2011.86390000,178.68000000
"TOI-640 b","TOI-640","Transit",2021,5.00377700000,19.27944680,181.16219199,341.99700000
"TOI-1333 b","TOI-1333","Transit",2021,4.72021900000,15.64776400,753.25710000,200.49200000
"TOI-1478 b","TOI-1478","Transit",2021,10.18021170000,11.99360935,279.68899816,152.89200000
"TOI-1601 b","TOI-1601","Transit",2021,5.33175000000,14.19902343,387.00000000,336.60800000
"GJ 486 b","GJ 486","Radial Velocity",2021,1.46712127000,1.28900000,2.77000000,8.07426000
"GJ 414 A b","GJ 414 A","Radial Velocity",2021,50.80000000000,2.63000000,7.60000000,11.88930000
"GJ 414 A c","GJ 414 A","Radial Velocity",2021,749.83000000000,8.40000000,53.83000000,11.88930000
"TOI-201 b","TOI-201","Transit",2021,52.97860000000,11.40000000,164.00000000,113.82500000
"TOI-519 b","TOI-519","Transit",2021,1.26523280000,11.54525012,147.15455244,115.55700000
"NGTS-15 b","NGTS-15","Transit",2021,3.27623000000,12.32987877,238.68913366,786.48500000
"NGTS-16 b","NGTS-16","Transit",2021,4.84532000000,14.57167491,211.99154747,898.16800000
"NGTS-17 b","NGTS-17","Transit",2021,3.24253000000,13.89913607,242.82090295,1040.28000000
"NGTS-18 b","NGTS-18","Transit",2021,3.05125000000,13.56286665,129.99181846,1096.19000000
"LHS 1478 b","LHS 1478","Transit",2021,1.94953780000,1.24200000,2.33000000,18.22760000
"TOI-257 b","TOI-257","Transit",2021,18.38818000000,7.16253867,43.86032017,76.90280000
"HD 5278 b","HD 5278","Transit",2021,14.33915600000,2.45000000,7.80000000,57.58460000
"TOI-269 b","TOI-269","Transit",2021,3.69771040000,2.77000000,8.80000000,57.02250000
"TOI-220 b","TOI-220","Transit",2021,10.69526400000,3.03000000,13.80000000,90.74020000
"TOI-1444 b","TOI-1444","Transit",2021,0.47027430000,1.41792246,3.58000000,125.46300000
"TOI-1231 b","TOI-1231","Transit",2021,24.24558600000,3.65000000,15.40000000,27.62270000
"HD 152843 b","HD 152843","Transit",2021,11.62071000000,3.05000000,9.82000000,107.89800000
"HD 152843 c","HD 152843","Transit",2021,19.50210400000,5.94000000,9.67000000,107.89800000
"WASP-110 b","WASP-110","Transit",2021,3.77840220000,13.19297028,154.78243421,274.96000000
"TOI-674 b","TOI-674","Transit",2021,1.97714300000,5.25000000,23.60000000,46.08510000
"TOI-1685 b","TOI-1685","Transit",2021,0.66913923000,1.42100000,3.07000000,37.61530000
"TOI-1260 b","TOI-1260","Transit",2021,3.12746300000,2.41000000,8.56000000,73.59770000
"TOI-1260 c","TOI-1260","Transit",2021,7.49313400000,2.76000000,13.20000000,73.59770000
"TOI-1634 b","TOI-1634","Transit",2021,0.98934551000,1.75900000,4.90000000,35.27360000
"Kepler-595 c","Kepler-595","Transit",2020,12.38602000000,1.00900000,3.30000000,643.00900000
"KOI-1783.01","KOI-1783","Transit",2020,134.46280000000,8.86000000,71.00000000,865.73000000
"KOI-1783.02","KOI-1783","Transit",2020,284.21500000000,5.44000000,15.00000000,865.73000000
"WASP-189 b","WASP-189","Transit",2020,2.72403300000,18.14733975,632.47852993,99.73100000
"HD 332231 b","HD 332231","Transit",2020,18.71202400000,9.07303305,74.10000000,80.66650000
"LTT 3780 b","LTT 3780","Transit",2020,0.76837931000,1.32500000,2.46000000,21.98140000
"LTT 3780 c","LTT 3780","Transit",2020,12.25228400000,2.39000000,8.04000000,21.98140000
"TOI-1235 b","TOI-1235","Transit",2020,3.44471400000,1.69000000,6.69000000,39.63450000
"TOI-1338 b","TOI-1338 A","Transit",2020,95.40010000000,7.66100000,11.30000000,399.01700000
"AU Mic b","AU Mic","Transit",2020,8.46344600000,4.79000000,8.99000000,9.72210000
"WASP-148 b","WASP-148","Transit",2020,8.80380900000,8.47398941,91.21675281,246.35300000
"TOI-1728 b","TOI-1728","Transit",2020,3.49151000000,5.05000000,26.78000000,60.79800000
"NGTS-11 b","NGTS-11","Transit",2020,35.45533000000,9.15775300,109.33352000,190.42200000
"TOI-849 b","TOI-849","Transit",2020,0.76554800000,3.64000000,41.80000000,225.73400000
"Wendelstein-1 b","Wendelstein-1","Transit",2020,2.66341600000,11.56096260,188.15536000,305.30000000
"Wendelstein-2 b","Wendelstein-2","Transit",2020,1.75222390000,12.99347280,232.33373000,565.54100000
"HD 191939 b","HD 191939","Transit",2020,8.88032560000,3.41000000,10.00000000,53.60890000
"HD 191939 c","HD 191939","Transit",2020,28.57974300000,3.19500000,8.00000000,53.60890000
"HD 191939 d","HD 191939","Transit",2020,38.35303700000,2.99500000,2.80000000,53.60890000
"TOI-1899 b","TOI-1899","Transit",2020,29.09031200000,11.09689089,212.94503269,128.43800000
"HIP 65 A b","HIP 65 A","Transit",2020,0.98097340000,22.75427000,1021.18779000,61.78560000
"TOI-157 b","TOI-157","Transit",2020,2.08454350000,14.41477400,375.03940000,355.68300000
"TOI-169 b","TOI-169","Transit",2020,2.25544770000,12.17297400,251.40353000,407.84000000
"HATS-37 A b","HATS-37 A","Transit",2020,4.33153660000,6.79265400,31.46517000,211.89600000
"HATS-38 b","HATS-38","Transit",2020,4.37502100000,6.88232600,23.51942000,343.52500000
"HD 86226 c","HD 86226","Transit",2020,3.98442000000,2.16000000,7.25000000,45.68300000
"WD 1856+534 b","WD 1856+534","Transit",2020,1.40794050000,10.40000000,4386.05400000,24.73590000
"LTT 9779 b","LTT 9779","Transit",2020,0.79205200000,4.72000000,29.32000000,80.43730000
"HD 63433 b","HD 63433","Transit",2020,7.10794750000,2.14000000,21.75500000,22.40350000
"HD 63433 c","HD 63433","Transit",2020,20.54382810000,2.69200000,15.53900000,22.40350000
"TOI-763 b","TOI-763","Transit",2020,5.60570000000,2.28000000,9.79000000,95.12740000
"TOI-763 c","TOI-763","Transit",2020,12.27370000000,2.63000000,9.32000000,95.12740000
"HATS-71 b","HATS-71","Transit",2020,3.79552020000,11.47801600,117.59710000,140.22500000
"TOI-824 b","TOI-824","Transit",2020,1.39297800000,2.92600000,18.46700000,63.92620000
"TOI-1266 b","TOI-1266","Transit",2020,10.89450000000,2.52000000,4.46000000,36.01180000
"TOI-1266 c","TOI-1266","Transit",2020,18.80270000000,1.98000000,3.17000000,36.01180000
"TOI-421 b","TOI-421","Transit",2020,5.19757600000,2.64000000,6.70000000,74.79690000
"TOI-421 c","TOI-421","Transit",2020,16.06754100000,5.09000000,14.10000000,74.79690000
"NGTS-12 b","NGTS-12","Transit",2020,7.53280600000,11.74703200,66.10864000,446.44200000
"GJ 3473 b","GJ 3473","Transit",2020,1.19800350000,1.26400000,1.86000000,27.36440000
"TOI-837 b","TOI-837","Transit",2020,8.32491130000,9.16894621,120.45696625,142.48800000
"TOI-954 b","TOI-954","Transit",2020,3.68497290000,9.55006800,55.30242000,238.76800000
"K2-329 b","K2-329","Transit",2020,12.45512250000,8.67576600,82.63580000,233.23700000
"TOI-481 b","TOI-481","Transit",2020,10.33111000000,11.09691000,486.27990000,179.36600000
"TOI-892 b","TOI-892","Transit",2020,10.62656000000,11.99363000,301.93850000,340.54300000
"TIC 237913194 b","TIC 237913194","Transit",2020,15.16886500000,12.52045300,617.22586000,306.06300000
"WASP-186 b","WASP-186","Transit",2020,5.02679900000,12.44199000,1341.24260000,278.51400000
"WASP-187 b","WASP-187","Transit",2020,5.14787800000,18.38276000,254.26400000,371.41400000
"LP 714-47 b","LP 714-47","Transit",2020,4.05203700000,4.70000000,30.80000000,52.61600000
"HAT-P-68 b","HAT-P-68","Transit",2020,2.29840551000,12.01604800,230.10892000,202.15200000
"TOI-776 b","TOI-776","Transit",2020,8.24662000000,1.79800000,5.00000000,27.17010000
"TOI-776 c","TOI-776","Transit",2020,15.66532300000,2.04700000,6.90000000,27.17010000
"TOI-561 b","TOI-561","Transit",2020,0.44656970000,1.39700000,2.02000000,85.79900000
"TOI-561 c","TOI-561","Transit",2020,10.77883800000,2.86500000,5.93000000,85.79900000
"TOI-561 d","TOI-561","Transit",2020,25.71268000000,2.61500000,13.33000000,85.79900000
"TOI-561 e","TOI-561","Transit",2020,77.14400000000,2.51700000,12.40000000,85.79900000
"TOI-564 b","TOI-564","Transit",2020,1.65114400000,11.43318000,464.98529000,199.58100000
"TOI-905 b","TOI-905","Transit",2020,3.73949400000,13.12573900,211.99261000,158.64900000
"TOI-451 b","TOI-451","Transit",2020,1.85870330000,1.84000000,4.70000000,123.73900000
"TOI-451 c","TOI-451","Transit",2020,9.19246300000,2.93000000,3.70000000,123.73900000
"TOI-451 d","TOI-451","Transit",2020,16.36496200000,3.93000000,10.20000000,123.73900000
"GJ 1252 b","GJ 1252","Transit",2020,0.51823310000,1.19300000,1.32000000,20.37300000
"EPIC 249893012 b","EPIC 249893012","Transit",2020,3.59510000000,1.95000000,8.75000000,321.29600000
"EPIC 249893012 c","EPIC 249893012","Transit",2020,15.62400000000,3.67000000,14.67000000,321.29600000
"EPIC 249893012 d","EPIC 249893012","Transit",2020,35.74700000000,3.94000000,10.18000000,321.29600000
"L 168-9 b","L 168-9","Transit",2020,1.40152604000,1.63000000,4.07000000,25.14960000
"TOI-125 d","TOI-125","Transit",2020,19.98000000000,2.93000000,13.60000000,111.05900000
"Kepler-1661 b","Kepler-1661","Transit",2020,175.06000000000,3.87000000,17.00000000,410.60700000
"TOI-132 b","TOI-132","Transit",2020,2.10970190000,3.42000000,22.40000000,163.67800000
"HATS-47 b","HATS-47","Transit",2020,3.92280380000,12.52045300,117.27927000,300.67000000
"HATS-48 A b","HATS-48 A","Transit",2020,3.13166660000,8.96720000,77.23269000,263.60900000
"HATS-49 b","HATS-49","Transit",2020,4.14804670000,8.57488500,112.19399000,324.41300000
"HATS-72 b","HATS-72","Transit",2020,7.32794740000,8.09738160,39.85588200,127.58900000
"MASCARA-4 b","MASCARA-4","Transit",2020,2.82409320000,16.98160576,532.36258173,170.69600000
"LHS 1815 b","LHS 1815","Transit",2020,3.81433400000,1.08800000,1.58000000,29.84240000
"TOI-1130 b","TOI-1130","Transit",2020,4.07455400000,3.66000000,19.80000000,58.26090000
"TOI-1130 c","TOI-1130","Transit",2020,8.35018980000,13.00000000,336.00000000,58.26090000
"CoRoT-30 b","CoRoT-30","Transit",2020,9.06005000000,11.30988100,921.70700000,1032.23000000
"CoRoT-31 b","CoRoT-31","Transit",2020,4.62941000000,16.36514000,266.97720000,2005.76000000
"TOI-677 b","TOI-677","Transit",2020,11.23659850000,13.11450742,392.20025424,141.81200000
"WASP-150 b","WASP-150","Transit",2020,5.64420700000,11.99363000,2688.84180000,527.99500000
"WASP-176 b","WASP-176","Transit",2020,3.89905200000,16.86954500,271.74465000,568.42000000
"HD 80653 b","HD 80653","Transit",2020,0.71957300000,1.61300000,5.72000000,109.86000000
"TOI-216.01","TOI-216","Transit",2019,34.52552800000,10.10000000,177.98390792,177.94500000
"NGTS-5 b","NGTS-5","Transit",2019,3.35698660000,12.73342400,72.78307000,306.77900000
"HD 15337 b","HD 15337","Transit",2019,4.75598040000,1.77000000,6.51900000,44.81550000
"HD 15337 c","HD 15337","Transit",2019,17.18054600000,2.52600000,6.79200000,44.81550000
"NGTS-4 b","NGTS-4","Transit",2019,1.33735080000,3.18000000,20.60000000,280.55500000
"K2-32 e","K2-32","Transit",2019,4.34934000000,1.21200000,2.10000000,157.68200000
"L 98-59 b","L 98-59","Transit",2019,2.25311400000,0.83700000,0.46000000,10.61940000
"L 98-59 c","L 98-59","Transit",2019,3.69067640000,1.32900000,2.00000000,10.61940000
"L 98-59 d","L 98-59","Transit",2019,7.45072900000,1.62700000,1.64000000,10.61940000
"HD 2685 b","HD 2685","Transit",2019,4.12688000000,16.14096000,371.86110000,196.85200000
"TOI-150.01","TOI-150","Transit",2019,5.85748700000,14.06729500,797.75330000,336.26700000
"KELT-23 A b","KELT-23 A","Transit",2019,2.25525100000,14.82950700,298.12454000,126.26100000
"G 9-40 b","G 9-40","Transit",2019,5.74599820000,1.90000000,4.00000000,27.92760000
"HD 136352 b","HD 136352","Radial Velocity",2019,11.57797000000,1.66400000,4.72000000,14.68200000
"HD 136352 c","HD 136352","Radial Velocity",2019,27.59221000000,2.91600000,11.24000000,14.68200000
"HD 136352 d","HD 136352","Radial Velocity",2019,107.24500000000,2.56200000,8.82000000,14.68200000
"KOI-1599.02","KOI-1599","Transit",2019,13.60880000000,1.90000000,9.00000000,1131.64000000
"KOI-1599.01","KOI-1599","Transit",2019,20.44150000000,1.90000000,4.60000000,1131.64000000
"V1298 Tau b","V1298 Tau","Transit",2019,24.14000600000,9.41000000,13.10000000,108.19900000
"WASP-166 b","WASP-166","Transit",2019,5.44354000000,7.06167000,32.10083000,114.17300000
"HR 858 b","HR 858","Transit",2019,3.58528700000,2.00400000,3.55000000,31.96400000
"HR 858 c","HR 858","Transit",2019,5.97386500000,1.97900000,3.80000000,31.96400000
"HR 858 d","HR 858","Transit",2019,11.23051100000,2.00100000,7.10000000,31.96400000
"TOI-270 b","TOI-270","Transit",2019,3.35992000000,1.28000000,1.48000000,22.47930000
"TOI-270 c","TOI-270","Transit",2019,5.66051000000,2.33000000,6.20000000,22.47930000
"TOI-270 d","TOI-270","Transit",2019,11.38194000000,2.00000000,4.20000000,22.47930000
"LTT 1445 A b","LTT 1445 A","Transit",2019,5.35876350000,1.34000000,2.73000000,6.86929000
"K2-146 c","K2-146","Transit",2019,4.00498000000,2.19000000,7.49000000,79.30020000
"HAT-P-69 b","HAT-P-69","Transit",2019,4.78694910000,18.78628400,1137.83140000,341.26300000
"HAT-P-70 b","HAT-P-70","Transit",2019,2.74432452000,20.96083000,2154.88740000,330.73900000
"HATS-54 b","HATS-54","Transit",2019,2.54417650000,11.37711541,239.32479047,748.58500000
"HATS-55 b","HATS-55","Transit",2019,4.20420010000,14.02245900,292.72143000,609.83800000
"HATS-56 b","HATS-56","Transit",2019,4.32479900000,18.92079200,191.33366000,564.40900000
"HATS-57 b","HATS-57","Transit",2019,2.35062100000,12.76705100,1000.21101000,279.48500000
"HATS-58 A b","HATS-58 A","Transit",2019,4.21808960000,12.27385500,327.36490000,403.59100000
"WASP-169 b","WASP-169","Transit",2019,5.61141180000,14.61653600,178.30263000,627.06600000
"WASP-171 b","WASP-171","Transit",2019,3.81862440000,10.98482000,344.52772000,757.84000000
"WASP-175 b","WASP-175","Transit",2019,3.06529070000,13.54047200,314.65170000,539.36000000
"WASP-182 b","WASP-182","Transit",2019,3.37698480000,9.52765000,47.03884000,327.60200000
"KELT-24 b","KELT-24","Transit",2019,5.55149296000,12.71098411,1458.83238813,96.51730000
"NGTS-6 b","NGTS-6","Transit",2019,0.88205900000,14.86313400,425.57437000,308.26200000
"WASP-180 A b","WASP-180 A","Transit",2019,3.40926400000,13.89916000,286.04700000,253.98500000
"WASP-178 b","WASP-178","Transit",2019,3.34482850000,20.28829000,527.59780000,427.67800000
"WASP-184 b","WASP-184","Transit",2019,5.18170000000,14.90797000,181.16310000,663.23100000
"WASP-185 b","WASP-185","Transit",2019,9.38755000000,14.01125000,311.47340000,279.35000000
"WASP-192 b","WASP-192","Transit",2019,2.87867650000,13.78707000,731.00900000,508.88500000
"V1298 Tau c","V1298 Tau","Transit",2019,8.24916400000,5.08000000,4.70000000,108.19900000
"V1298 Tau d","V1298 Tau","Transit",2019,12.40139400000,6.53000000,6.00000000,108.19900000
"V1298 Tau e","V1298 Tau","Transit",2019,48.67771400000,10.17000000,15.30000000,108.19900000
"LP 791-18 c","LP 791-18","Transit",2019,4.98991000000,2.48800000,7.16000000,26.49270000
"TOI-163 b","TOI-163","Transit",2019,4.23130600000,16.69020100,387.75260000,411.71900000
"TOI-125 b","TOI-125","Transit",2019,4.65382000000,2.72600000,9.50000000,111.05900000
"TOI-125 c","TOI-125","Transit",2019,9.15059000000,2.75900000,6.63000000,111.05900000
"NGTS-8 b","NGTS-8","Transit",2019,2.49970000000,12.21781000,295.58190000,428.97600000
"NGTS-9 b","NGTS-9","Transit",2019,4.43527000000,11.99363000,921.70700000,609.12800000
"HD 213885 b","HD 213885","Transit",2019,1.00803500000,1.74500000,8.83000000,48.08830000
"XO-7 b","XO-7","Transit",2019,2.86414240000,15.38995700,225.34147000,234.14900000
"K2-290 b","K2-290","Transit",2019,9.21165000000,3.06000000,10.90000000,272.90900000
"K2-290 c","K2-290","Transit",2019,48.36685000000,11.27625400,246.00042000,272.90900000
"K2-291 b","K2-291","Transit",2019,2.22517700000,1.58900000,6.49000000,90.05620000
"LHS 3844 b","LHS 3844","Transit",2019,0.46292970900,1.28600000,2.37000000,14.88460000
"HD 202772 A b","HD 202772 A","Transit",2019,3.30887750000,18.23701160,323.54931833,161.49800000
"K2-292 b","K2-292","Transit",2019,16.98410000000,2.63000000,24.50000000,114.29300000
"HATS-70 b","HATS-70","Transit",2019,1.88823780000,15.51325600,4100.00700000,1458.83000000
"GJ 143 b","GJ 143","Transit",2019,35.61253000000,2.61000000,22.70000000,16.32000000
"HD 23472 b","HD 23472","Transit",2019,17.66708700000,2.00000000,8.32000000,39.03410000
"HD 23472 c","HD 23472","Transit",2019,29.79749000000,1.87000000,3.41000000,39.03410000
"WASP-190 b","WASP-190","Transit",2019,5.36775300000,12.89035000,317.83000000,542.25100000
"Qatar-7 b","Qatar-7","Transit",2019,2.03204600000,19.05530000,597.52040000,705.98100000
"TOI-172 b","TOI-172","Transit",2019,9.47725000000,10.81668500,1722.63860000,342.83100000
"HD 221416 b","HD 221416","Transit",2019,14.27670000000,9.17000000,60.50000000,95.54830000
"WASP-177 b","WASP-177","Transit",2019,3.07172200000,17.71022000,161.45764000,176.81800000
"WASP-181 b","WASP-181","Transit",2019,4.51950640000,13.27145600,95.03117000,437.49500000
"WASP-183 b","WASP-183","Transit",2019,4.11177710000,16.47723000,159.55066000,325.37700000
"Kepler-47 d","Kepler-47","Transit",2019,187.36600000000,7.04000000,19.02000000,1025.02000000
"HD 21749 c","GJ 143","Transit",2019,7.78993000000,0.89200000,3.70000000,16.32000000
"Qatar-8 b","Qatar-8","Transit",2019,3.71495000000,14.40356500,117.91493000,281.49800000
"Qatar-9 b","Qatar-9","Transit",2019,1.54073100000,11.30988100,378.21770000,213.77100000
"Qatar-10 b","Qatar-10","Transit",2019,1.64532100000,17.29548700,233.92288000,559.06800000
"TOI-216.02","TOI-216","Transit",2019,17.16073000000,8.00000000,18.75187601,177.94500000
"K2-261 b","K2-261","Transit",2018,11.63346810000,9.26982704,68.96876432,213.28300000
"WASP-174 b","WASP-174","Transit",2018,4.23370050000,16.10730527,104.88337431,410.14900000
"Wolf 503 b","Wolf 503","Transit",2018,6.00127000000,2.04300000,6.26000000,44.52600000
"NGTS-2 b","NGTS-2","Transit",2018,4.51116400000,17.87835500,235.19420000,356.39100000
"EPIC 246851721 b","EPIC 246851721","Transit",2018,6.18023500000,11.78065900,953.49000000,372.63200000
"K2-266 b","K2-266","Transit",2018,0.65852400000,3.30000000,11.26782377,77.55860000
"K2-266 c","K2-266","Transit",2018,7.81400000000,0.70500000,0.29013072,77.55860000
"K2-266 d","K2-266","Transit",2018,14.69700000000,2.93000000,8.90000000,77.55860000
"K2-266 e","K2-266","Transit",2018,19.48200000000,2.73000000,14.30000000,77.55860000
"WASP-144 b","WASP-144","Transit",2018,2.27831520000,9.52765000,139.84520000,355.51300000
"WASP-145 A b","WASP-145 A","Transit",2018,1.76903810000,10.08810000,282.86870000,91.29900000
"WASP-158 b","WASP-158","Transit",2018,3.65633300000,11.99363000,886.74570000,524.99300000
"WASP-159 b","WASP-159","Transit",2018,3.84040100000,15.46842000,174.80650000,715.38300000
"WASP-162 b","WASP-162","Transit",2018,9.62468000000,11.20900000,1652.71600000,310.84100000
"K2-280 b","K2-280","Transit",2018,19.89526000000,7.50000000,37.10000000,391.53700000
"K2-222 b","K2-222","Transit",2018,15.38892740000,2.27500000,7.50000000,101.32100000
"K2-216 b","K2-216","Transit",2018,2.17480000000,1.75000000,8.00000000,115.46100000
"K2-295 b","K2-295","Transit",2018,4.02486700000,10.05447300,106.47305000,232.80100000
"K2-157 b","K2-157","Transit",2018,0.36525750000,0.93500000,1.14000000,298.37300000
"K2-263 b","K2-263","Transit",2018,50.81917200000,2.51300000,15.40000000,162.48100000
"K2-146 b","K2-146","Transit",2018,2.64460000000,2.05000000,5.77000000,79.30020000
"K2-199 b","K2-199","Transit",2018,3.22539930000,1.73000000,6.90000000,107.51800000
"K2-199 c","K2-199","Transit",2018,7.37448970000,2.85000000,12.40000000,107.51800000
"Kepler-1655 b","Kepler-1655","Transit",2018,11.87287870000,2.21300000,5.40000000,213.26000000
"Kepler-462 c","Kepler-462","Transit",2018,207.62000000000,4.00000000,6.00000000,596.62500000
"KOI-1831 d","Kepler-324","Transit",2018,34.16900000000,1.13000000,2.23000000,501.57400000
"Kepler-411 d","Kepler-411","Transit",2018,58.02035000000,3.31900000,15.20000000,153.67600000
"KOI-3680 b","KOI-3680","Transit",2018,141.24167100000,11.09691000,613.41190000,921.98600000
"K2-265 b","K2-265","Transit",2018,2.36902000000,1.70824866,7.34183620,138.67100000
"K2-180 b","K2-180","Transit",2018,8.86566300000,2.46597575,11.41003981,203.89600000
"K2-182 b","K2-182","Transit",2018,4.73696960000,2.71257333,20.97667486,154.83000000
"EPIC 248847494 b","EPIC 248847494","Transit",2018,3650.00000000000,12.44199000,4131.79000000,551.88600000
"WASP-168 b","WASP-168","Transit",2018,4.15365800000,16.81350000,133.48860000,303.94100000
"WASP-172 b","WASP-172","Transit",2018,5.47743300000,17.59813000,149.38010000,538.11000000
"WASP-173 A b","WASP-173 A","Transit",2018,1.38665318000,13.45080000,1172.79270000,232.98000000
"WASP-147 b","WASP-147","Transit",2018,4.60273000000,12.49803500,87.40325000,436.09800000
"WASP-160 B b","WASP-160 B","Transit",2018,3.76849520000,12.21781000,88.35674000,288.32600000
"WASP-164 b","WASP-164","Transit",2018,1.77712550000,12.64375200,676.97790000,327.50600000
"WASP-165 b","WASP-165","Transit",2018,3.46550900000,14.12334000,209.13214000,602.23600000
"HATS-59 b","HATS-59","Transit",2018,5.41608100000,12.62133400,256.17098000,642.88400000
"LHS 1140 c","LHS 1140","Transit",2018,3.77794000000,1.27200000,1.91000000,14.98610000
"WASP-161 b","WASP-161","Transit",2018,5.40604250000,12.81188700,791.39670000,343.08000000
"WASP-163 b","WASP-163","Transit",2018,1.60968840000,13.47321800,594.34210000,261.38600000
"WASP-170 b","WASP-170","Transit",2018,2.34478022000,12.28506400,508.52800000,305.60300000
"K2-285 b","K2-285","Transit",2018,3.47174500000,2.59000000,9.68000000,154.96100000
"K2-285 c","K2-285","Transit",2018,7.13804800000,3.53000000,15.68000000,154.96100000
"K2-285 d","K2-285","Transit",2018,10.45582000000,2.48000000,6.50000000,154.96100000
"K2-285 e","K2-285","Transit",2018,14.76289000000,1.95000000,10.70000000,154.96100000
"K2-287 b","K2-287","Transit",2018,14.89329100000,9.49402300,100.11645000,158.33500000
"HATS-60 b","HATS-60","Transit",2018,3.56082900000,12.92397700,210.40346000,486.47400000
"HATS-61 b","HATS-61","Transit",2018,7.81795300000,13.39475500,1080.62200000,679.76100000
"HATS-62 b","HATS-62","Transit",2018,3.27688370000,11.82549500,56.89157000,523.06700000
"HATS-63 b","HATS-63","Transit",2018,3.05665270000,13.52926300,305.11680000,623.23200000
"HATS-64 b","HATS-64","Transit",2018,4.90889700000,18.81991100,305.11680000,1080.15000000
"HATS-65 b","HATS-65","Transit",2018,3.10516100000,16.82470900,260.93843000,493.32000000
"HATS-66 b","HATS-66","Transit",2018,3.14143910000,15.81589900,1694.03390000,1477.98000000
"HATS-67 b","HATS-67","Transit",2018,1.60917880000,18.88716500,460.85350000,960.10900000
"HATS-68 b","HATS-68","Transit",2018,3.58622020000,13.80948800,410.00070000,603.95500000
"HATS-69 b","HATS-69","Transit",2018,2.22525770000,10.59250500,183.38791000,414.53700000
"HD 219666 b","HD 219666","Transit",2018,6.03446800000,4.89800000,17.60000000,94.17190000
"HD 1397 b","HD 1397","Transit",2018,11.53533000000,11.50043400,131.89945000,79.57020000
"CoRoT-32 b","CoRoT-32","Transit",2018,6.71837000000,6.38913000,47.67450000,576.68300000
"K2-141 b","K2-141","Transit",2018,0.28032440000,1.51000000,4.97000000,61.87360000
"K2-141 c","K2-141","Transit",2018,7.74850000000,7.00000000,8.00000000,61.87360000
"KELT-21 b","KELT-21","Transit",2018,3.61276470000,17.77747400,1242.71530000,470.87800000
"Kepler-1654 b","Kepler-1654","Transit",2018,1047.83560000000,9.18017100,158.91500000,568.11700000
"K2-232 b","K2-232","Transit",2018,11.16845400000,11.20900000,126.49634000,130.72000000
"HATS-39 b","HATS-39","Transit",2018,4.57763480000,17.59813000,200.23290000,878.52100000
"HATS-40 b","HATS-40","Transit",2018,3.26427360000,17.71022000,505.34970000,1342.29000000
"HATS-41 b","HATS-41","Transit",2018,4.19364900000,14.90797000,3082.95100000,737.66800000
"HATS-42 b","HATS-42","Transit",2018,2.29210200000,15.69260000,597.52040000,800.37700000
"KPS-1 b","KPS-1","Transit",2018,1.70629100000,11.54527000,346.43470000,262.70600000
"K2-233 b","K2-233","Transit",2018,2.46758300000,1.31500000,2.40000000,67.50620000
"K2-233 c","K2-233","Transit",2018,7.06024000000,1.27200000,4.60000000,67.50620000
"K2-233 d","K2-233","Transit",2018,24.36810000000,2.36300000,10.30000000,67.50620000
"HATS-43 b","HATS-43","Transit",2018,4.38884970000,13.22662000,82.95363000,362.27300000
"HATS-44 b","HATS-44","Transit",2018,2.74390040000,11.96000300,177.98480000,446.03500000
"HATS-45 b","HATS-45","Transit",2018,4.18762440000,14.41477400,222.48100000,772.11000000
"HATS-46 b","HATS-46","Transit",2018,4.74237290000,10.12172700,54.98459000,453.80800000
"NGTS-3 A b","NGTS-3 A","Transit",2018,1.67537280000,16.58932000,756.43540000,743.97200000
"HD 89345 b","HD 89345","Transit",2018,11.81430000000,7.39794000,34.96130000,132.34500000
"K2-237 b","K2-237","Transit",2018,2.18053332000,16.06246934,434.15360396,314.99500000
"K2-238 b","K2-238","Transit",2018,3.20466000000,14.57170000,273.33380000,537.96300000
"K2-260 b","K2-260","Transit",2018,2.62669762000,18.41635529,546.66486004,663.83400000
"K2-114 b","K2-114","Transit",2017,11.39093100000,10.59248676,638.83509807,475.75800000
"WASP-167 b","WASP-167","Transit",2017,2.02195960000,17.71022000,2542.64000000,423.55200000
"K2-105 b","K2-105","Transit",2017,8.26726000000,3.40000000,15.40000000,197.98900000
"K2-121 b","K2-121","Transit",2017,5.18573800000,7.16000000,51.00000000,169.39800000
"K2-110 b","K2-110","Transit",2017,13.86375000000,2.59200000,15.90000000,116.47400000
"K2-111 b","K2-111","Transit",2017,5.35189630000,1.83700000,5.35000000,200.39400000
"Qatar-6 b","Qatar-6","Transit",2017,3.50619500000,11.90395800,212.31044000,100.84800000
"WASP-91 b","WASP-91","Transit",2017,2.79858100000,11.54527000,425.89220000,149.94200000
"WASP-105 b","WASP-105","Transit",2017,7.87288000000,10.76064000,572.09400000,169.27200000
"K2-131 b","K2-131","Transit",2017,0.36930380000,1.69000000,7.90000000,152.50900000
"K2-132 b","K2-132","Transit",2017,9.17510000000,14.57170000,155.73670000,609.81800000
"WASP-151 b","WASP-151","Transit",2017,4.53347750000,13.30506009,100.43377661,453.09900000
"WASP-153 b","WASP-153","Transit",2017,3.33260900000,17.37395000,123.95370000,610.17600000
"WASP-156 b","WASP-156","Transit",2017,3.83616230000,6.02802815,41.80000000,122.06600000
"GJ 9827 b","GJ 9827","Transit",2017,1.20897400000,1.44000000,4.28000000,29.66100000
"GJ 9827 c","GJ 9827","Transit",2017,3.64810300000,1.13000000,1.86000000,29.66100000
"GJ 9827 d","GJ 9827","Transit",2017,6.20183000000,1.98000000,3.02000000,29.66100000
"KELT-20 b","KELT-20","Transit",2017,3.47410850000,19.51486900,1074.90106000,136.42600000
"NGTS-1 b","NGTS-1","Transit",2017,2.64729800000,14.90797000,258.07796000,218.12100000
"K2-136 b","K2-136","Transit",2017,7.97520000000,1.01400000,4.30000000,59.24740000
"K2-136 c","K2-136","Transit",2017,17.30713000000,3.00000000,18.10000000,59.24740000
"K2-136 d","K2-136","Transit",2017,25.57500000000,1.56500000,3.00000000,59.24740000
"K2-140 b","K2-140","Transit",2017,6.56918800000,13.56286665,295.58041851,347.91700000
"HATS-50 b","HATS-50","Transit",2017,3.82970150000,12.66617000,123.95370000,756.74200000
"HATS-51 b","HATS-51","Transit",2017,3.34887020000,15.80469000,244.09344000,389.57000000
"HATS-52 b","HATS-52","Transit",2017,1.36665436000,15.49083800,711.93920000,555.13400000
"HATS-53 b","HATS-53","Transit",2017,3.85377680000,15.02006000,189.10885000,585.77000000
"K2-138 b","K2-138","Transit",2017,2.35309000000,1.51000000,3.10000000,202.58500000
"K2-138 c","K2-138","Transit",2017,3.56004000000,2.29900000,6.31000000,202.58500000
"K2-138 d","K2-138","Transit",2017,5.40479000000,2.39000000,7.92000000,202.58500000
"K2-138 e","K2-138","Transit",2017,8.26146000000,3.39000000,12.97000000,202.58500000
"K2-138 f","K2-138","Transit",2017,12.75758000000,2.90400000,1.63000000,202.58500000
"KELT-19 A b","KELT-19 A","Transit",2017,4.61170930000,21.40919000,1293.56810000,300.27600000
"WASP-53 b","WASP-53","Transit",2017,3.30984430000,12.03846600,677.61356000,201.33800000
"WASP-81 b","WASP-81","Transit",2017,2.71647620000,16.01766100,231.69807000,398.50500000
"KELT-16 b","KELT-16","Transit",2017,0.96899510000,15.86073500,874.03250000,444.58600000
"HD 106315 b","HD 106315","Transit",2017,9.55237000000,2.44000000,12.60000000,109.35300000
"HD 106315 c","HD 106315","Transit",2017,21.05704000000,4.35000000,15.20000000,109.35300000
"HATS-22 b","HATS-22","Transit",2017,4.72281240000,10.68217700,870.85420000,229.51800000
"HATS-23 b","HATS-23","Transit",2017,2.16051560000,20.84874000,467.21010000,639.00400000
"HATS-24 b","HATS-24","Transit",2017,1.34849780000,15.63655500,718.29580000,494.18200000
"HAT-P-67 b","HAT-P-67","Transit",2017,4.81010690000,23.98721870,143.02278315,371.68600000
"Qatar-3 b","Qatar-3","Transit",2017,2.50792040000,12.28506400,1369.84730000,735.60100000
"Qatar-4 b","Qatar-4","Transit",2017,1.80535640000,12.72221500,1938.76300000,329.03600000
"Qatar-5 b","Qatar-5","Transit",2017,2.87923190000,12.40836300,1373.02560000,367.65800000
"LHS 1140 b","LHS 1140","Transit",2017,24.73723000000,1.73000000,5.60000000,14.98610000
"KELT-18 b","KELT-18","Transit",2017,2.87175180000,17.59813000,375.03940000,321.37600000
"KELT-12 b","KELT-12","Transit",2017,5.03162300000,19.95202000,301.93850000,368.03000000
"KELT-11 b","KELT-11","Transit",2017,4.73620865000,15.13212395,65.15482343,99.15960000
"KELT-9 b","KELT-9","Transit",2017,1.48112350000,21.19621900,915.35040000,204.45500000
"K2-115 b","K2-115","Transit",2017,20.27299140000,11.80305668,321.00669107,413.59100000
"HAT-P-66 b","HAT-P-66","Transit",2016,2.97208600000,17.82231000,248.86089000,935.45600000
"HATS-18 b","HATS-18","Transit",2016,0.83784000000,14.89676100,629.14448500,624.36800000
"WASP-130 b","WASP-130","Transit",2016,11.55098000000,9.97601000,390.93090000,172.25600000
"WASP-131 b","WASP-131","Transit",2016,5.32201250000,13.74221034,86.76715511,200.07500000
"WASP-132 b","WASP-132","Transit",2016,7.13351640000,10.09929161,136.03055820,122.91000000
"WASP-139 b","WASP-139","Transit",2016,5.92426200000,8.96720000,37.18611000,212.47200000
"WASP-141 b","WASP-141","Transit",2016,3.31065100000,13.56289000,854.96270000,516.54300000
"WASP-142 b","WASP-142","Transit",2016,2.05286800000,17.14977000,266.97720000,730.93300000
"HATS-31 b","HATS-31","Transit",2016,3.37796000000,18.38276000,279.69040000,773.97400000
"HATS-32 b","HATS-32","Transit",2016,2.81265480000,14.00004100,292.40360000,745.11600000
"HATS-33 b","HATS-33","Transit",2016,2.54955510000,13.78707000,378.85336000,248.46000000
"HATS-34 b","HATS-34","Transit",2016,2.10616070000,16.02887000,299.07803000,508.84200000
"HATS-35 b","HATS-35","Transit",2016,1.82099930000,16.40997600,388.38826000,514.55500000
"WASP-127 b","WASP-127","Transit",2016,4.17806203000,14.69499900,52.34660100,159.50700000
"WASP-138 b","WASP-138","Transit",2016,3.63443300000,12.21781000,387.75260000,414.23400000
"XO-6 b","XO-6","Transit",2016,3.76500070000,23.20263000,1398.45200000,235.47900000
"EPIC 220674823 b","EPIC 220674823","Transit",2016,0.57130782000,1.60600000,7.54000000,244.59000000
"EPIC 220674823 c","EPIC 220674823","Transit",2016,13.34060300000,2.71200000,7.90000000,244.59000000
"WASP-76 b","WASP-76","Transit",2016,1.80988198000,20.78145022,284.13859586,194.45900000
"WASP-90 b","WASP-90","Transit",2016,3.91624300000,18.27067000,200.23290000,466.43300000
"KELT-4 A b","KELT-4 A","Transit",2016,2.98959320000,19.04409100,286.68266000,218.05000000
"KELT-14 b","KELT-14","Transit",2016,1.71005660000,19.53728700,408.09372000,250.12100000
"KELT-15 b","KELT-15","Transit",2016,3.32944000000,19.50366000,416.35730000,324.68300000
"K2-29 b","K2-29","Transit",2016,3.25883210000,13.33871000,232.01590000,178.47500000
"HATS-17 b","HATS-17","Transit",2016,16.25461100000,8.70939300,425.25654000,400.33100000
"K2-30 b","K2-30","Transit",2016,4.09850300000,11.64615100,184.02357000,333.04200000
"KELT-10 b","KELT-10","Transit",2016,4.16627390000,15.68139100,215.80657000,188.40400000
"WASP-119 b","WASP-119","Transit",2016,2.49979000000,15.69260000,390.93090000,302.44800000
"WASP-124 b","WASP-124","Transit",2016,3.37265000000,13.89916000,190.69800000,448.63700000
"K2-100 b","K2-100","Transit",2016,1.67390350000,3.88000000,21.80000000,188.95900000
"Kepler-538 b","Kepler-538","Transit",2016,81.73778000000,2.21500000,12.90000000,155.95600000
"K2-99 b","K2-99","Transit",2016,18.24783000000,11.88151954,276.51071409,519.22900000
"Kepler-595 b","Kepler-595","Transit",2016,25.30290920000,3.70800000,17.40000000,643.00900000
"Kepler-411 c","Kepler-411","Transit",2016,7.83443500000,4.42100000,26.40000000,153.67600000
"Kepler-462 b","Kepler-462","Transit",2016,84.68660000000,3.00000000,53.90000000,596.62500000
"Kepler-1513 b","Kepler-1513","Transit",2016,160.88420000000,8.59400000,48.30991786,349.24700000
"Kepler-1514 b","Kepler-1514","Transit",2016,217.83184000000,12.41957200,1678.14240000,397.29200000
"Kepler-539 b","Kepler-539","Transit",2016,125.63243000000,8.37312300,308.29510000,307.31800000
"K2-27 b","K2-27","Transit",2016,6.77134700000,4.74000000,30.20000000,249.64500000
"K2-19 d","K2-19","Transit",2016,2.50827000000,1.04400000,6.20000000,289.82700000
"K2-36 c","K2-36","Transit",2016,5.34088800000,3.20000000,7.90000000,109.74900000
"K2-36 b","K2-36","Transit",2016,1.42261400000,1.43000000,4.30000000,109.74900000
"WASP-85 A b","WASP-85 A","Transit",2016,2.65567770000,13.89916000,402.05495000,141.88700000
"Kepler-553 b","Kepler-553","Transit",2016,4.03046700000,4.74139884,116.00736855,728.52500000
"K2-24 c","K2-24","Transit",2016,42.33910000000,7.50000000,15.40000000,170.56200000
"K2-24 b","K2-24","Transit",2016,20.88977000000,5.40000000,19.00000000,170.56200000
"K2-37 d","K2-37","Transit",2016,14.09229000000,2.31000000,12.50000000,179.94300000
"K2-31 b","K2-31","Transit",2016,1.25785000000,11.88154000,563.83042000,110.52700000
"K2-32 b","K2-32","Transit",2016,8.99200000000,5.29900000,15.00000000,157.68200000
"K2-32 d","K2-32","Transit",2016,31.71701000000,3.48400000,6.70000000,157.68200000
"K2-32 c","K2-32","Transit",2016,20.66093000000,3.13400000,8.10000000,157.68200000
"K2-33 b","K2-33","Transit",2016,5.42486500000,5.04000000,1175.97100000,139.26800000
"K2-55 b","K2-55","Transit",2016,2.84927100000,4.43000000,44.00000000,159.52200000
"K2-60 b","K2-60","Transit",2016,3.00265000000,7.65574700,135.39558000,491.87000000
"K2-66 b","K2-66","Transit",2016,5.06963000000,2.49000000,21.30000000,513.87700000
"K2-73 b","K2-73","Transit",2016,7.49556000000,2.58000000,9.20000000,269.18300000
"K2-39 b","K2-39","Transit",2016,4.60543000000,6.27704000,28.60470000,307.47000000
"K2-85 b","K2-85","Transit",2016,0.68453862616,1.40000000,3.20000000,97.21790000
"K2-79 b","K2-79","Transit",2016,10.99503900000,4.15000000,5.90000000,256.01100000
"K2-97 b","K2-97","Transit",2016,8.40711500000,13.45077684,174.48779544,878.43000000
"K2-98 b","K2-98","Transit",2016,10.13673490000,5.06645928,34.00763955,518.62500000
"Kepler-553 c","Kepler-553","Transit",2016,328.24017000000,11.57887706,2129.45032690,728.52500000
"Kepler-167 e","Kepler-167","Transit",2016,1071.23205000000,10.16000000,321.00669107,341.90800000
"WASP-87 b","WASP-87","Transit",2016,1.68279500000,15.52446500,692.86940000,298.39200000
"Kepler-849 b","Kepler-849","Transit",2016,394.62508000000,8.08167508,298.75870258,822.13400000
"WASP-129 b","WASP-129","Transit",2016,5.74814500000,10.42437000,317.83000000,301.46200000
"WASP-133 b","WASP-133","Transit",2016,2.17642300000,13.56289000,368.68280000,559.08400000
"Kepler-1647 b","Kepler-1647","Transit",2016,1107.59230000000,11.87390000,483.00000000,1212.45000000
"HATS-25 b","HATS-25","Transit",2016,4.29864320000,14.12334000,194.82979000,471.15800000
"HATS-26 b","HATS-26","Transit",2016,3.30238810000,19.61575000,206.58950000,861.84300000
"HATS-27 b","HATS-27","Transit",2016,4.63703800000,16.81350000,168.44990000,816.98800000
"HATS-28 b","HATS-28","Transit",2016,3.18107810000,13.38354600,213.58176000,535.38300000
"HATS-29 b","HATS-29","Transit",2016,4.60587490000,14.02245900,207.54299000,353.89100000
"HATS-30 b","HATS-30","Transit",2016,3.17435160000,13.17057500,224.38798000,342.14000000
"WASP-121 b","WASP-121","Transit",2016,1.27492504000,19.52604438,371.85923619,269.89800000
"HATS-15 b","HATS-15","Transit",2016,1.74748753000,12.38594500,689.69110000,1139.55000000
"HATS-16 b","HATS-16","Transit",2016,2.68650200000,14.57170000,1039.30410000,757.04400000
"K2-38 b","K2-38","Transit",2016,4.01593000000,1.54000000,7.30000000,192.69000000
"K2-38 c","K2-38","Transit",2016,10.56103000000,2.29000000,8.30000000,192.69000000
"HIP 41378 b","HIP 41378","Transit",2016,15.57189300000,2.41900000,9.06000000,106.28900000
"HIP 41378 c","HIP 41378","Transit",2016,31.70838000000,2.50500000,6.53000000,106.28900000
"HIP 41378 d","HIP 41378","Transit",2016,278.36180000000,3.54000000,4.60000000,106.28900000
"HIP 41378 e","HIP 41378","Transit",2016,369.00000000000,4.92000000,12.00000000,106.28900000
"WASP-113 b","WASP-113","Transit",2016,4.54216874538,15.79348100,150.96925000,435.15600000
"WASP-114 b","WASP-114","Transit",2016,1.54877430000,15.00885100,562.24127000,523.33700000
"BD+20 594 b","BD+20 594","Transit",2016,41.68550000000,2.57807000,22.24810000,179.46100000
"HD 3167 b","HD 3167","Transit",2016,0.95964100000,1.67000000,4.97000000,47.28990000
"HD 3167 c","HD 3167","Transit",2016,29.84540000000,3.00000000,11.13000000,47.28990000
"KELT-17 b","KELT-17","Transit",2016,3.08017160000,17.09372500,416.35730000,226.50000000
"WASP-92 b","WASP-92","Transit",2016,2.17467420000,16.37634900,255.85315000,575.88900000
"WASP-93 b","WASP-93","Transit",2016,2.73253210000,17.90077300,467.21010000,370.28400000
"WASP-118 b","WASP-118","Transit",2016,4.04604350000,16.14096000,163.36462000,376.65800000
"HAT-P-65 b","HAT-P-65","Transit",2016,2.60544751000,18.05766791,176.07693748,738.51900000
"Kepler-447 b","Kepler-447","Transit",2015,7.79430132000,18.49000000,435.41000000,268.04100000
"K2-25 b","K2-25","Transit",2015,3.48456408000,3.44000000,24.50000000,44.95650000
"Kepler-434 b","Kepler-434","Transit",2015,12.87470990000,12.67000000,908.96000000,1222.54000000
"Kepler-435 b","Kepler-435","Transit",2015,8.60015360000,22.31000000,266.97000000,1418.77000000
"Kepler-433 b","Kepler-433","Transit",2015,5.33408384000,16.25000000,896.24000000,1878.31000000
"KOI-12 b","KOI-12","Transit",2015,17.85518200000,13.78707000,349.61300000,399.39800000
"Kepler-432 b","Kepler-432","Transit",2015,52.50112900000,12.83430500,1719.46030000,848.02300000
"HATS-7 b","HATS-7","Transit",2015,3.18531500000,6.31066700,38.13960000,240.70700000
"WASP-82 b","WASP-82","Transit",2015,2.70579000000,18.15858000,371.86110000,275.66400000
"K2-3 b","K2-3","Transit",2015,10.05465350000,2.07800000,5.11000000,44.07270000
"K2-3 c","K2-3","Transit",2015,24.64672900000,1.58200000,2.68000000,44.07270000
"K2-3 d","K2-3","Transit",2015,44.55603000000,1.45800000,2.20000000,44.07270000
"CoRoT-28 b","CoRoT-28","Transit",2015,5.20851000000,10.70459500,153.82972000,766.18300000
"CoRoT-29 b","CoRoT-29","Transit",2015,2.85057000000,10.08810000,270.15550000,806.50700000
"HAT-P-54 b","HAT-P-54","Transit",2015,3.79984700000,10.58129600,241.55080000,143.65100000
"HATS-6 b","HATS-6","Transit",2015,3.32527250000,11.18658200,101.38777000,169.31800000
"HATS-10 b","HATS-10","Transit",2015,3.31284600000,10.86152100,167.17858000,534.88900000
"KELT-7 b","KELT-7","Transit",2015,2.73477000000,17.93440000,441.78370000,136.68100000
"HAT-P-55 b","HAT-P-55","Transit",2015,3.58523130000,14.84069045,189.42573057,511.38800000
"HATS-8 b","HATS-8","Transit",2015,3.58389300000,9.78545700,43.86054000,794.63700000
"WASP-74 b","WASP-74","Transit",2015,2.13775000000,15.24424000,228.83760000,149.21600000
"WASP-83 b","WASP-83","Transit",2015,4.97125200000,11.65736000,95.34900000,271.10300000
"WASP-89 b","WASP-89","Transit",2015,3.35642270000,11.65736000,1875.19700000,290.94600000
"K2-19 b","K2-19","Transit",2015,7.91930000000,7.00000000,30.80000000,289.82700000
"K2-19 c","K2-19","Transit",2015,11.90600000000,4.10000000,11.00000000,289.82700000
"K2-10 b","K2-10","Transit",2015,19.30553000000,3.77300000,25.20000000,272.36000000
"K2-12 b","K2-12","Transit",2015,8.28246000000,2.44000000,5.20000000,326.38100000
"K2-18 b","K2-18","Transit",2015,32.93962300000,2.37000000,8.92000000,38.02660000
"HAT-P-56 b","HAT-P-56","Transit",2015,2.79083000000,16.92559000,734.18730000,320.63900000
"HD 219134 b","HD 219134","Radial Velocity",2015,3.09292600000,1.60200000,4.74000000,6.53127000
"HD 219134 c","HD 219134","Radial Velocity",2015,6.76458000000,1.51100000,4.36000000,6.53127000
"HD 219134 d","HD 219134","Radial Velocity",2015,46.85900000000,1.61000000,16.17000000,6.53127000
"HATS-13 b","HATS-13","Transit",2015,3.04404990000,13.58530800,172.58169000,421.85500000
"HATS-14 b","HATS-14","Transit",2015,2.76676410000,11.64615100,340.39593000,513.01100000
"KELT-8 b","KELT-8","Transit",2015,3.24406000000,18.15858000,209.76780000,197.57200000
"WASP-47 d","WASP-47","Transit",2015,9.03050100000,3.65000000,15.50000000,264.78000000
"WASP-47 e","WASP-47","Transit",2015,0.78961000000,1.83000000,9.00000000,264.78000000
"Kepler-453 b","Kepler-453","Transit",2015,240.50300000000,6.20400000,16.00000000,442.84600000
"HAT-P-57 b","HAT-P-57","Transit",2015,2.46530000000,19.50366000,448.14030000,279.86000000
"GJ 1132 b","GJ 1132","Transit",2015,1.62892911000,1.19151465,1.83704819,12.61300000
"HAT-P-50 b","HAT-P-50","Transit",2015,3.12201090000,14.43719200,429.07050000,515.45800000
"HAT-P-51 b","HAT-P-51","Transit",2015,4.21802091000,13.50682174,97.57332095,440.08900000
"HAT-P-52 b","HAT-P-52","Transit",2015,2.75359530000,11.30988100,259.98494000,361.15500000
"HAT-P-53 b","HAT-P-53","Transit",2015,1.96162410000,14.77346200,471.65972000,666.80200000
"HD 219134 f","HD 219134","Radial Velocity",2015,22.71700000000,1.31000000,7.30000000,6.53127000
"WASP-135 b","WASP-135","Transit",2015,1.40137940000,14.57170000,603.87700000,298.21400000
"Kepler-454 b","Kepler-454","Transit",2015,10.57375340000,2.37000000,5.40000000,230.86900000
"WASP-28 b","WASP-28","Transit",2014,3.40883495000,13.66374747,282.54945382,348.49400000
"CoRoT-27 b","CoRoT-27","Transit",2014,3.57532000000,11.28700000,3302.11000000,1010.28000000
"WASP-103 b","WASP-103","Transit",2014,0.92554200000,17.12700000,473.54700000,375.64700000
"KELT-6 b","KELT-6","Transit",2014,7.84570000000,14.57170000,165.27160000,240.72600000
"Kepler-413 b","Kepler-413","Transit",2014,66.26200000000,4.34700000,67.00000000,847.53600000
"HAT-P-49 b","HAT-P-49","Transit",2014,2.69155000000,17.82231000,699.22600000,350.35100000
"WASP-68 b","WASP-68","Transit",2014,5.08430000000,14.79588000,343.25640000,226.39900000
"WASP-73 b","WASP-73","Transit",2014,4.08722000000,15.91678000,908.99380000,316.67800000
"WASP-88 b","WASP-88","Transit",2014,4.95400000000,16.36514000,133.48860000,523.75600000
"WASP-95 b","WASP-95","Transit",2014,2.18467000000,13.78707000,457.67520000,137.54400000
"WASP-96 b","WASP-96","Transit",2014,3.42526020000,13.45000000,152.55000000,352.46400000
"WASP-97 b","WASP-97","Transit",2014,2.07276000000,12.77826000,432.24880000,151.06800000
"WASP-98 b","WASP-98","Transit",2014,2.96264036000,12.82309600,293.03926000,281.74200000
"WASP-99 b","WASP-99","Transit",2014,5.75251000000,11.43318000,772.32690000,158.66000000
"WASP-100 b","WASP-100","Transit",2014,2.84938000000,14.90797000,400.46580000,364.41100000
"WASP-101 b","WASP-101","Transit",2014,3.58572000000,16.02887000,162.09330000,201.22400000
"HAT-P-44 b","HAT-P-44","Transit",2014,4.30121900000,13.92200000,111.87100000,347.85000000
"HAT-P-45 b","HAT-P-45","Transit",2014,3.12899200000,15.98400000,283.49200000,298.64000000
"HAT-P-46 b","HAT-P-46","Transit",2014,4.46312900000,14.39200000,156.68400000,290.73600000
"HATS-5 b","HATS-5","Transit",2014,4.76338700000,10.22300000,75.32300000,246.38400000
"CoRoT-24 b","CoRoT-24","Transit",2014,5.11340000000,3.70000000,5.70000000,591.55500000
"CoRoT-24 c","CoRoT-24","Transit",2014,11.75900000000,5.00000000,28.00000000,591.55500000
"HATS-4 b","HATS-4","Transit",2014,2.51672900000,11.43300000,420.47100000,416.45900000
"CoRoT-22 b","CoRoT-22","Transit",2014,9.75598000000,4.88000000,12.20000000,627.15800000
"Kepler-412 b","Kepler-412","Transit",2014,1.72086040000,15.03126900,299.07803000,1086.24000000
"WASP-117 b","WASP-117","Transit",2014,10.02165000000,11.88154000,95.34900000,157.96300000
"WASP-104 b","WASP-104","Transit",2014,1.75541370000,12.74500000,404.26300000,185.93200000
"WASP-106 b","WASP-106","Transit",2014,9.28969000000,12.10569916,613.40882551,352.18100000
"WASP-94 A b","WASP-94 A","Transit",2014,3.95019000000,17.71022000,158.91500000,211.21100000
"WASP-69 b","WASP-69","Transit",2014,3.86813881000,11.21000000,82.58000000,49.96050000
"WASP-70 A b","WASP-70 A","Transit",2014,3.71302030000,13.04700000,187.51200000,222.35500000
"WASP-84 b","WASP-84","Transit",2014,8.52349648000,10.72000000,220.00000000,100.58800000
"Kepler-289 d","Kepler-289","Transit",2014,66.02820000000,3.03000000,5.33000000,704.43800000
"HIP 116454 b","HIP 116454","Transit",2014,9.10041570000,2.46900000,9.70000000,62.44910000
"Kepler-418 b","Kepler-418","Transit",2014,86.67856000000,13.45000000,349.61124770,1002.53000000
"Kepler-407 b","Kepler-407","Transit",2014,0.66931240000,1.19000000,1.93000000,338.36800000
"Kepler-95 b","Kepler-95","Transit",2014,11.52310000000,3.42000000,13.00000000,445.65600000
"Kepler-106 c","Kepler-106","Transit",2014,13.57080000000,2.50000000,10.44000000,444.32200000
"Kepler-278 b","Kepler-278","Transit",2014,30.15560000000,3.95500000,56.00000000,443.03000000
"Kepler-422 b","Kepler-422","Transit",2014,7.89144830000,12.89000000,136.66000000,722.79500000
"Kepler-423 b","Kepler-423","Transit",2014,2.68432850000,13.36100000,189.10100000,758.75300000
"Kepler-289 c","Kepler-289","Transit",2014,125.87230000000,11.23000000,157.18000000,704.43800000
"Kepler-419 b","Kepler-419","Transit",2014,69.75460000000,10.80000000,794.50000000,1011.36000000
"Kepler-94 b","Kepler-94","Transit",2014,2.50806000000,3.51000000,10.84000000,191.90400000
"Kepler-107 e","Kepler-107","Transit",2014,14.74914300000,2.90300000,14.10000000,525.99700000
"Kepler-424 b","Kepler-424","Transit",2014,3.31186440000,9.98000000,327.35000000,698.64600000
"Kepler-278 c","Kepler-278","Transit",2014,51.11100000000,3.26800000,34.90000000,443.03000000
"Kepler-23 d","Kepler-23","Transit",2014,15.27000000000,2.20600000,4.44000000,835.75600000
"Kepler-223 c","Kepler-223","Transit",2014,9.84564000000,3.44000000,5.10000000,1859.71000000
"Kepler-80 e","Kepler-80","Transit",2014,4.64489000000,1.60000000,4.13000000,369.45100000
"Kepler-223 b","Kepler-223","Transit",2014,7.38449000000,2.99000000,7.40000000,1859.71000000
"Kepler-107 d","Kepler-107","Transit",2014,7.95839000000,0.86000000,7.70000000,525.99700000
"Kepler-426 b","Kepler-426","Transit",2014,3.21751883000,12.22000000,108.06000000,843.69500000
"Kepler-80 d","Kepler-80","Transit",2014,3.07222000000,1.53000000,6.75000000,369.45100000
"Kepler-223 e","Kepler-223","Transit",2014,19.72567000000,4.60000000,4.80000000,1859.71000000
"Kepler-31 d","Kepler-31","Transit",2014,87.64510000000,3.90000000,2161.24400000,1664.64000000
"Kepler-408 b","Kepler-408","Transit",2014,2.46502000000,0.82000000,5.00000000,88.78320000
"Kepler-109 c","Kepler-109","Transit",2014,21.22265000000,2.65000000,8.20000000,474.86100000
"Kepler-323 c","Kepler-323","Transit",2014,3.55382290000,1.57000000,6.80000000,454.88300000
"Kepler-416 b","Kepler-416","Transit Timing Variations",2014,6.31900000000,2.48000000,58.20000000,690.81900000
"Kepler-105 c","Kepler-105","Transit",2014,7.12592000000,1.44000000,5.60000000,459.22300000
"Kepler-102 d","Kepler-102","Transit",2014,10.31176700000,1.15400000,3.00000000,107.79600000
"Kepler-107 c","Kepler-107","Transit",2014,4.90145200000,1.59700000,10.00000000,525.99700000
"Kepler-107 b","Kepler-107","Transit",2014,3.18002180000,1.53600000,3.80000000,525.99700000
"Kepler-93 b","Kepler-93","Transit",2014,4.72673978000,1.47800000,4.66000000,95.91150000
"Kepler-409 b","Kepler-409","Transit",2014,68.95832160000,1.19900000,6.00000000,68.17300000
"Kepler-427 b","Kepler-427","Transit",2014,10.29099400000,13.79000000,92.17000000,1017.80000000
"Kepler-79 d","Kepler-79","Transit",2014,52.09020000000,7.16000000,6.00000000,1020.72000000
"Kepler-113 c","Kepler-113","Transit",2014,8.92507000000,2.18000000,8.70000000,262.35100000
"Kepler-113 b","Kepler-113","Transit",2014,4.75400000000,1.82000000,11.70000000,262.35100000
"Kepler-48 d","Kepler-48","Transit",2014,42.89610000000,2.04000000,7.93000000,306.73800000
"Kepler-106 e","Kepler-106","Transit",2014,43.84450000000,2.56000000,11.17000000,444.32200000
"Kepler-103 c","Kepler-103","Transit",2014,179.60978000000,5.45390000,58.47000000,494.83200000
"Kepler-106 b","Kepler-106","Transit",2014,6.16486000000,0.82000000,5.30000000,444.32200000
"Kepler-100 b","Kepler-100","Transit",2014,6.88734000000,1.34000000,4.01000000,304.64500000
"Kepler-100 d","Kepler-100","Transit",2014,35.33310000000,1.61000000,3.00000000,304.64500000
"Kepler-101 c","Kepler-101","Transit",2014,6.02976000000,1.25000000,3.78000000,927.98100000
"Kepler-102 f","Kepler-102","Transit",2014,27.45359200000,0.86100000,4.30000000,107.79600000
"Kepler-102 c","Kepler-102","Transit",2014,7.07139200000,0.56700000,1.70000000,107.79600000
"Kepler-102 b","Kepler-102","Transit",2014,5.28696500000,0.46000000,1.10000000,107.79600000
"Kepler-289 b","Kepler-289","Transit",2014,34.53830000000,2.49000000,3.70000000,704.43800000
"Kepler-129 c","Kepler-129","Transit",2014,82.20000000000,2.52000000,43.00000000,408.84500000
"Kepler-129 b","Kepler-129","Transit",2014,15.79000000000,2.40000000,20.00000000,408.84500000
"Kepler-138 b","Kepler-138","Transit",2014,10.31340000000,0.64000000,0.07000000,66.86240000
"Kepler-98 b","Kepler-98","Transit",2014,1.54168000000,1.99000000,3.55000000,350.31500000
"Kepler-131 b","Kepler-131","Transit",2014,16.09200000000,2.41000000,16.13000000,228.67800000
"Kepler-99 b","Kepler-99","Transit",2014,4.60358000000,1.48000000,6.15000000,208.36900000
"Kepler-111 c","Kepler-111","Transit",2014,224.77833000000,7.08407580,222.47988490,657.22300000
"Kepler-391 b","Kepler-391","Transit",2014,7.41750000000,2.50000000,1100.00000000,869.23600000
"Kepler-406 b","Kepler-406","Transit",2014,2.42629000000,1.43000000,6.35000000,364.03000000
"Kepler-97 b","Kepler-97","Transit",2014,2.58664000000,1.48000000,3.51000000,400.90700000
"Kepler-51 d","Kepler-51","Transit",2014,130.19400000000,9.70000000,7.60000000,783.83100000
"Kepler-138 c","Kepler-138","Transit",2014,13.78150000000,1.51000000,2.30000000,66.86240000
"Kepler-122 f","Kepler-122","Transit Timing Variations",2014,56.26800000000,1.75000000,36.00000000,1027.45000000
"Kepler-414 c","Kepler-414","Transit Timing Variations",2014,7.17100000000,3.01000000,29.90000000,413.46000000
"Kepler-417 b","Kepler-417","Transit Timing Variations",2014,12.33100000000,2.31000000,11.00000000,973.98900000
"Kepler-415 b","Kepler-415","Transit Timing Variations",2014,4.17600000000,1.21000000,119.90000000,530.48700000
"Kepler-305 d","Kepler-305","Transit",2014,16.74000000000,2.76000000,6.20000000,868.47700000
"Kepler-414 b","Kepler-414","Transit Timing Variations",2014,4.70000000000,1.71000000,3.50000000,413.46000000
"Kepler-323 b","Kepler-323","Transit",2014,1.67832800000,1.38100000,3.90000000,454.88300000
"Kepler-138 d","Kepler-138","Transit",2014,23.09230000000,1.51000000,2.10000000,66.86240000
"Kepler-338 e","Kepler-338","Transit Timing Variations",2014,9.34100000000,1.56000000,8.50000000,552.79800000
"Kepler-106 d","Kepler-106","Transit",2014,23.98020000000,0.95000000,8.10000000,444.32200000
"Kepler-79 e","Kepler-79","Transit",2014,81.06590000000,3.49000000,4.10000000,1020.72000000
"Kepler-101 b","Kepler-101","Transit",2014,3.48768120000,5.77000000,51.10000000,927.98100000
"Kepler-131 c","Kepler-131","Transit",2014,25.51690000000,0.84000000,8.25000000,228.67800000
"Kepler-406 c","Kepler-406","Transit",2014,4.62332000000,0.85000000,2.71000000,364.03000000
"Kepler-117 c","Kepler-117","Transit",2014,50.79039100000,12.34100000,584.78000000,1455.57000000
"Kepler-391 c","Kepler-391","Transit",2014,20.50100000000,2.88000000,450.00000000,869.23600000
"Kepler-117 b","Kepler-117","Transit",2014,18.79592280000,8.05900000,29.87500000,1455.57000000
"Kepler-428 b","Kepler-428","Transit",2014,3.52563254000,12.11000000,403.63000000,686.28400000
"Kepler-103 b","Kepler-103","Transit",2014,15.96532870000,3.48570000,11.67000000,494.83200000
"Kepler-109 b","Kepler-109","Transit",2014,6.48163070000,2.49000000,4.90000000,474.86100000
"Kepler-425 b","Kepler-425","Transit",2014,3.79701816000,10.96200000,79.45000000,646.64700000
"Kepler-96 b","Kepler-96","Transit",2014,16.23850000000,2.67000000,8.46000000,122.88100000
"Kepler-223 d","Kepler-223","Transit",2014,14.78869000000,5.24000000,8.00000000,1859.71000000
"Kepler-100 c","Kepler-100","Transit",2014,12.81590000000,2.20000000,7.05000000,304.64500000
"Kepler-276 c","Kepler-276","Transit",2013,31.88400000000,2.90000000,16.60000000,1144.86000000
"Kepler-105 b","Kepler-105","Transit",2013,5.41220340000,2.53000000,10.80000000,459.22300000
"Kepler-102 e","Kepler-102","Transit",2013,16.14569940000,2.17000000,4.70000000,107.79600000
"Kepler-305 c","Kepler-305","Transit",2013,8.29100000000,3.30000000,6.00000000,868.47700000
"Kepler-307 c","Kepler-307","Transit",2013,13.07290000000,2.20000000,3.64000000,575.58100000
"Kepler-411 b","Kepler-411","Transit",2013,3.00515600000,2.40100000,25.60000000,153.67600000
"Kepler-238 f","Kepler-238","Transit",2013,50.44700000000,2.00000000,13.50000000,1798.75000000
"Kepler-279 d","Kepler-279","Transit",2013,54.41400000000,3.10000000,37.50000000,1037.40000000
"Kepler-87 c","Kepler-87","Transit",2013,191.23180000000,6.14000000,6.40000000,1232.90000000
"Kepler-396 b","Kepler-396","Transit",2013,42.99400000000,3.50000000,75.50000000,223.75700000
"Kepler-75 b","Kepler-75","Transit",2013,8.88491160000,11.77000000,3209.90000000,835.35600000
"Kepler-92 c","Kepler-92","Transit",2013,26.72300000000,2.60000000,6.10000000,477.99200000
"Kepler-62 c","Kepler-62","Transit",2013,12.44170000000,0.54000000,4.00000000,300.87400000
"Kepler-62 f","Kepler-62","Transit",2013,267.29100000000,1.41000000,35.00000000,300.87400000
"KOI-94 c","KOI-94","Transit",2013,10.42364800000,4.32000000,15.60000000,477.05200000
"KOI-94 e","KOI-94","Transit",2013,54.32031000000,6.56000000,35.00000000,477.05200000
"Kepler-238 e","Kepler-238","Transit",2013,23.65400000000,5.60000000,169.70000000,1798.75000000
"Kepler-328 b","Kepler-328","Transit",2013,34.92100000000,2.30000000,28.50000000,2213.19000000
"PH2 b","PH2","Transit",2013,282.52542000000,9.33708092,87.08498352,343.86300000
"Kepler-145 c","Kepler-145","Transit",2013,42.88200000000,4.32000000,79.40000000,566.85000000
"Kepler-177 c","Kepler-177","Transit",2013,49.40926000000,8.73000000,14.70000000,1435.44000000
"Kepler-62 d","Kepler-62","Transit",2013,18.16406000000,1.95000000,14.00000000,300.87400000
"KOI-142 b","KOI-142","Transit",2013,10.91647000000,3.43800000,9.50000000,376.86300000
"Kepler-74 b","Kepler-74","Transit",2013,7.34071100000,10.76000000,200.22000000,1177.55000000
"Kepler-62 b","Kepler-62","Transit",2013,5.71493200000,1.31000000,9.00000000,300.87400000
"Kepler-305 b","Kepler-305","Transit",2013,5.48700000000,3.60000000,10.50000000,868.47700000
"Kepler-87 b","Kepler-87","Transit",2013,114.73635000000,13.49000000,324.20000000,1232.90000000
"Kepler-307 b","Kepler-307","Transit",2013,10.42080000000,2.43000000,7.44000000,575.58100000
"Kepler-277 c","Kepler-277","Transit",2013,33.00600000000,3.36000000,64.20000000,976.64300000
"Kepler-282 e","Kepler-282","Transit",2013,44.34700000000,3.10000000,56.20000000,1337.61000000
"Kepler-177 b","Kepler-177","Transit",2013,36.86010000000,3.50000000,5.84000000,1435.44000000
"Kepler-68 b","Kepler-68","Transit",2013,5.39875259000,2.35700000,8.03000000,144.16600000
"Kepler-62 e","Kepler-62","Transit",2013,122.38740000000,1.61000000,36.00000000,300.87400000
"KOI-94 d","KOI-94","Transit",2013,22.34298900000,11.27000000,106.00000000,477.05200000
"Kepler-63 b","Kepler-63","Transit",2013,9.43415050000,6.11000000,120.00000000,194.03300000
"Kepler-76 b","Kepler-76","Orbital Brightness Modulation",2013,1.54492980000,15.24424000,638.83830000,822.96000000
"Kepler-350 c","Kepler-350","Transit",2013,17.84900000000,3.10000000,6.10000000,956.85900000
"Kepler-328 c","Kepler-328","Transit",2013,71.31200000000,5.40000000,39.40000000,2213.19000000
"KOI-1843.03","Kepler-974","Transit",2013,0.17689130000,0.61000000,8.00000000,134.31100000
"Kepler-37 d","Kepler-37","Transit",2013,39.79226220000,2.03000000,2.00000000,63.92070000
"Kepler-91 b","Kepler-91","Transit",2013,6.24658000000,15.32270300,257.44230000,1294.69000000
"Kepler-114 c","Kepler-114","Transit",2013,8.04100000000,1.60000000,2.80000000,259.53300000
"Kepler-114 d","Kepler-114","Transit",2013,11.77600000000,2.53000000,3.90000000,259.53300000
"KOI-94 b","KOI-94","Transit",2013,3.74320800000,1.71000000,10.50000000,477.05200000
"Kepler-37 c","Kepler-37","Transit",2013,21.30184800000,0.75500000,1.30000000,63.92070000
"Kepler-37 b","Kepler-37","Transit",2013,13.36702000000,0.30980000,0.79000000,63.92070000
"Kepler-68 c","Kepler-68","Transit",2013,9.60502700000,0.97900000,1.30000000,144.16600000
"Kepler-276 d","Kepler-276","Transit",2013,48.64800000000,2.80000000,16.30000000,1144.86000000
"Kepler-128 c","Kepler-128","Transit",2013,22.80000000000,1.52100000,3.38000000,396.37900000
"Kepler-145 b","Kepler-145","Transit",2013,22.95100000000,2.65000000,37.10000000,566.85000000
"Kepler-396 c","Kepler-396","Transit",2013,88.50500000000,5.30000000,17.90000000,223.75700000
"Kepler-92 b","Kepler-92","Transit",2013,13.74900000000,3.51000000,64.30000000,477.99200000
"Kepler-350 d","Kepler-350","Transit",2013,26.13600000000,2.80000000,14.90000000,956.85900000
"KELT-3 b","KELT-3","Transit",2013,2.70339000000,17.48604000,616.59020000,210.25200000
"Kepler-78 b","Kepler-78","Transit",2013,0.35500745000,1.20100000,1.68000000,124.37600000
"POTS-1 b","POTS-1","Transit",2013,3.16062960000,10.54800000,734.16000000,747.95900000
"HATS-2 b","HATS-2","Transit",2013,1.35413379000,12.57647635,435.42491759,341.92500000
"HATS-3 b","HATS-3","Transit",2013,3.54785100000,15.48000000,340.38200000,411.21100000
"WASP-65 b","WASP-65","Transit",2013,2.31142430000,12.46400000,492.62000000,273.70300000
"WASP-75 b","WASP-75","Transit",2013,2.48419300000,14.23500000,340.06000000,294.00100000
"CoRoT-25 b","CoRoT-25","Transit",2013,4.86069000000,12.11000000,85.81000000,1103.48000000
"CoRoT-26 b","CoRoT-26","Transit",2013,4.20474000000,14.12000000,165.26000000,1045.18000000
"Kepler-128 b","Kepler-128","Transit",2013,15.00000000000,1.42100000,3.79000000,396.37900000
"Kepler-77 b","Kepler-77","Transit",2013,3.57878087000,10.76100000,136.66100000,639.41100000
"Kepler-282 d","Kepler-282","Transit",2013,24.80600000000,2.46000000,61.00000000,1337.61000000
"Kepler-279 c","Kepler-279","Transit",2013,35.73600000000,4.30000000,49.40000000,1037.40000000
"Kepler-277 b","Kepler-277","Transit",2013,17.32400000000,2.92000000,87.30000000,976.64300000
"Kepler-60 d","Kepler-60","Transit",2012,11.89810000000,1.99000000,4.16000000,1025.10000000
"Kepler-38 b","Kepler-38","Transit",2012,105.59900000000,4.30000000,122.00000000,1174.59000000
"Kepler-51 b","Kepler-51","Transit",2012,45.15400000000,7.10000000,2.10000000,783.83100000
"Kepler-30 b","Kepler-30","Transit",2012,29.33434000000,3.90000000,11.30000000,914.22100000
"Kepler-30 d","Kepler-30","Transit",2012,143.34394000000,8.80000000,23.10000000,914.22100000
"Kepler-79 c","Kepler-79","Transit",2012,27.40290000000,3.72000000,5.90000000,1020.72000000
"Kepler-80 b","Kepler-80","Transit",2012,7.05246000000,2.67000000,6.93000000,369.45100000
"Kepler-79 b","Kepler-79","Transit",2012,13.48450000000,3.47000000,10.90000000,1020.72000000
"Kepler-53 b","Kepler-53","Transit",2012,18.64895250000,2.89000000,111.00000000,1366.07000000
"Kepler-46 b","Kepler-46","Transit",2012,33.60134000000,9.05700000,1907.00000000,777.06000000
"Kepler-82 b","Kepler-82","Transit",2012,26.44000000000,4.07000000,12.15000000,904.32600000
"Kepler-49 b","Kepler-49","Transit",2012,7.20000000000,2.57900000,9.77000000,311.22200000
"Kepler-48 b","Kepler-48","Transit",2012,4.77800000000,1.88000000,3.94000000,306.73800000
"Kepler-52 c","Kepler-52","Transit",2012,16.38500210000,1.84000000,45.40000000,321.54200000
"Kepler-30 c","Kepler-30","Transit",2012,60.32310500000,12.30000000,640.00000000,914.22100000
"Kepler-80 c","Kepler-80","Transit",2012,9.52355000000,2.74000000,6.74000000,369.45100000
"Kepler-82 c","Kepler-82","Transit",2012,51.54000000000,5.34000000,13.90000000,904.32600000
"Kepler-56 b","Kepler-56","Transit",2012,10.50160000000,6.51000000,22.10000000,912.99400000
"Kepler-53 c","Kepler-53","Transit",2012,38.55830380000,3.17000000,36.00000000,1366.07000000
"Kepler-49 c","Kepler-49","Transit",2012,10.91000000000,2.44400000,8.38000000,311.22200000
"Kepler-48 c","Kepler-48","Transit",2012,9.67395000000,2.71000000,14.61000000,306.73800000
"Kepler-60 b","Kepler-60","Transit",2012,7.13340000000,1.71000000,4.19000000,1025.10000000
"Kepler-85 b","Kepler-85","Transit",2012,8.30000000000,1.77800000,1.84000000,765.02500000
"Kepler-57 c","Kepler-57","Transit",2012,11.60000000000,2.19600000,6.86000000,644.14000000
"Kepler-58 c","Kepler-58","Transit",2012,15.57415680000,2.86000000,53.00000000,969.25200000
"Kepler-36 c","Kepler-36","Transit",2012,16.21865000000,3.67900000,7.13000000,527.95600000
"Kepler-51 c","Kepler-51","Transit",2012,85.31200000000,9.00000000,4.00000000,783.83100000
"Kepler-85 c","Kepler-85","Transit",2012,12.51000000000,1.97800000,2.15000000,765.02500000
"Kepler-60 c","Kepler-60","Transit",2012,8.91870000000,1.90000000,3.85000000,1025.10000000
"HATS-1 b","HATS-1","Transit",2012,3.44645900000,14.59400000,589.55000000,283.97100000
"WASP-78 b","WASP-78","Transit",2012,2.17518000000,21.63337000,352.79130000,754.25800000
"WASP-79 b","WASP-79","Transit",2012,3.66239200000,17.14974047,270.15414595,246.69000000
"KELT-1 b","KELT-1","Transit",2012,1.21751400000,12.44200000,8654.15000000,268.43000000
"KELT-2 A b","KELT-2 A","Transit",2012,4.11379000000,15.13215000,540.31100000,134.05800000
"Kepler-36 b","Kepler-36","Transit",2012,13.86825000000,1.49800000,3.83000000,527.95600000
"GJ 3470 b","GJ 3470","Radial Velocity",2012,3.33664960000,4.57000000,13.90000000,29.42140000
"HAT-P-39 b","HAT-P-39","Transit",2012,3.54387000000,17.60900000,190.37200000,697.00400000
"HAT-P-40 b","HAT-P-40","Transit",2012,4.45724000000,17.03768000,152.55840000,464.46900000
"HAT-P-41 b","HAT-P-41","Transit",2012,2.69405000000,22.97845000,378.21770000,348.18500000
"WASP-42 b","WASP-42","Transit",2012,4.98168190000,12.57649800,167.49641000,177.29100000
"WASP-47 b","WASP-47","Transit",2012,4.15915100000,12.86000000,374.00000000,264.78000000
"WASP-49 b","WASP-49","Transit",2012,2.78174000000,12.44199000,117.59710000,194.55300000
"WASP-55 b","WASP-55","Transit",2012,4.46563100000,14.72860064,186.24744650,297.46200000
"WASP-61 b","WASP-61","Transit",2012,3.85590000000,15.80469000,851.78440000,488.66000000
"WASP-62 b","WASP-62","Transit",2012,4.41195000000,14.79588000,165.27160000,175.63100000
"WASP-63 b","WASP-63","Transit",2012,4.37808000000,15.80469000,117.59710000,290.68400000
"WASP-66 b","WASP-66","Transit",2012,4.08605000000,15.69260000,746.90050000,500.25800000
"WASP-67 b","WASP-67","Transit",2012,4.61442000000,12.89035000,136.66690000,189.46900000
"HAT-P-38 b","HAT-P-38","Transit",2012,4.64038200000,9.24700000,84.85700000,255.20600000
"Kepler-47 b","Kepler-47","Transit",2012,49.46430000000,3.05000000,2.07000000,1025.02000000
"Kepler-47 c","Kepler-47","Transit",2012,303.22700000000,4.65000000,3.17000000,1025.02000000
"WTS-1 b","WTS-1","Transit",2012,3.35205700000,16.70000000,1274.44000000,2346.01000000
"WASP-54 b","WASP-54","Transit",2012,3.69364000000,17.71022000,187.51970000,251.30300000
"WASP-56 b","WASP-56","Transit",2012,4.61710000000,10.53646000,143.02350000,321.08400000
"WASP-57 b","WASP-57","Transit",2012,2.83891856000,11.76945000,204.68252000,398.27600000
"WASP-52 b","WASP-52","Transit",2012,1.74977980000,14.24000000,146.20000000,174.81800000
"WASP-58 b","WASP-58","Transit",2012,5.01718000000,16.02887000,308.29510000,290.40400000
"WASP-59 b","WASP-59","Transit",2012,7.91958500000,8.68700000,274.27600000,115.93600000
"WASP-60 b","WASP-60","Transit",2012,4.30500000000,9.86392000,174.80650000,431.05200000
"WASP-64 b","WASP-64","Transit",2012,1.57329180000,14.24700000,403.94500000,369.92600000
"WASP-72 b","WASP-72","Transit",2012,2.21673000000,14.45961000,731.00900000,434.75400000
"WASP-80 b","WASP-80","Transit",2012,3.06785234000,11.19779100,170.99254000,49.78760000
"WASP-71 b","WASP-71","Transit",2012,2.90367000000,13.22662000,441.78370000,362.71500000
"PH1 b","PH1","Transit",2012,138.31700000000,6.18000000,169.00000000,1033.16000000
"HAT-P-42 b","HAT-P-42","Transit",2012,4.64187800000,14.34800000,331.80100000,405.23800000
"Kepler-58 b","Kepler-58","Transit",2012,10.21849540000,2.78000000,35.50000000,969.25200000
"Kepler-57 b","Kepler-57","Transit",2012,5.72000000000,3.13500000,25.06000000,644.14000000
"Kepler-56 c","Kepler-56","Transit",2012,21.40239000000,9.80000000,181.00000000,912.99400000
"Kepler-52 b","Kepler-52","Transit",2012,7.87735650000,2.10000000,135.00000000,321.54200000
"Kepler-21 b","Kepler-21","Transit",2012,2.78582120000,1.63900000,7.50000000,108.52200000
"HAT-P-17 b","HAT-P-17","Transit",2012,10.33852000000,11.76945000,184.34140000,92.38310000
"HAT-P-25 b","HAT-P-25","Transit",2012,3.65281514000,12.72221500,180.84527000,300.38400000
"HAT-P-31 b","HAT-P-31","Transit",2011,5.00542000000,12.21781000,721.47410000,344.05000000
"HAT-P-32 b","HAT-P-32","Transit",2011,2.15000820000,22.19382000,216.12440000,289.20500000
"HAT-P-33 b","HAT-P-33","Transit",2011,3.47447000000,20.73665000,292.40360000,396.11000000
"HAT-P-34 b","HAT-P-34","Transit",2011,5.45265400000,13.41717300,1058.37390000,249.32500000
"HAT-P-35 b","HAT-P-35","Transit",2011,3.64670600000,14.93038800,335.62848000,506.96500000
"HAT-P-36 b","HAT-P-36","Transit",2011,1.32734683000,14.31389300,587.41340600,294.41900000
"HAT-P-37 b","HAT-P-37","Transit",2011,2.79743600000,13.20400000,371.52800000,390.59400000
"Kepler-35 b","Kepler-35","Transit",2011,131.45800000000,8.16000000,40.36300000,1819.17000000
"Kepler-22 b","Kepler-22","Transit",2011,289.86387600000,2.10000000,9.10000000,194.64200000
"Kepler-27 c","Kepler-27","Transit",2011,31.33090000000,4.90000000,4385.87000000,1044.36000000
"Kepler-10 b","Kepler-10","Transit",2011,0.83749070000,1.47000000,3.24000000,185.50600000
"Kepler-10 c","Kepler-10","Transit",2011,45.29430100000,2.35500000,11.29000000,185.50600000
"Kepler-19 b","Kepler-19","Transit",2011,9.28699000000,2.20900000,6.10000000,218.56200000
"Kepler-27 b","Kepler-27","Transit",2011,15.33480000000,4.00000000,2895.31000000,1044.36000000
"Kepler-28 b","Kepler-28","Transit",2011,5.91000000000,1.95900000,1.63000000,438.35900000
"Kepler-39 b","Kepler-39","Transit",2011,21.08721000000,13.90000000,6388.10000000,1057.41000000
"Kepler-32 b","Kepler-32","Transit",2011,5.90124000000,2.20000000,1303.00000000,323.84700000
"Kepler-29 b","Kepler-29","Transit",2011,10.33974000000,2.55000000,5.00000000,832.53200000
"Kepler-28 c","Kepler-28","Transit",2011,8.99000000000,1.85700000,2.06000000,438.35900000
"Kepler-17 b","Kepler-17","Transit",2011,1.48571080000,14.68000000,778.65000000,720.75300000
"Kepler-31 c","Kepler-31","Transit",2011,42.63180000000,5.30000000,1493.70000000,1664.64000000
"Kepler-24 b","Kepler-24","Transit",2011,8.14000000000,2.34800000,11.14000000,1156.81000000
"Kepler-15 b","Kepler-15","Transit",2011,4.94278200000,10.76000000,209.76000000,739.41200000
"Kepler-23 b","Kepler-23","Transit",2011,7.10000000000,1.63800000,2.56000000,835.75600000
"Kepler-18 b","Kepler-18","Transit",2011,3.50472500000,2.00000000,6.90000000,433.04700000
"Kepler-20 e","Kepler-20","Transit",2011,6.09848820000,0.82100000,0.76000000,282.56300000
"Kepler-16 b","Kepler-16","Transit",2011,228.77600000000,8.44930000,105.83300000,75.08520000
"Kepler-20 d","Kepler-20","Transit",2011,77.61145500000,2.60600000,13.40000000,282.56300000
"Kepler-20 b","Kepler-20","Transit",2011,3.69610490000,1.77300000,9.70000000,282.56300000
"Kepler-26 c","Kepler-26","Transit",2011,17.25590000000,2.72000000,6.20000000,335.30700000
"Kepler-25 c","Kepler-25","Transit",2011,12.72070000000,5.21700000,15.20000000,243.24900000
"Kepler-25 b","Kepler-25","Transit",2011,6.23829700000,2.74800000,8.70000000,243.24900000
"Kepler-45 b","Kepler-45","Transit",2011,2.45523900000,10.76000000,160.49700000,381.94900000
"Kepler-23 c","Kepler-23","Transit",2011,10.74000000000,3.00500000,7.81000000,835.75600000
"Kepler-12 b","Kepler-12","Transit",2011,4.43796290000,19.66058600,137.30256000,881.38600000
"Kepler-18 d","Kepler-18","Transit",2011,14.85888000000,6.98000000,16.40000000,433.04700000
"Kepler-20 f","Kepler-20","Transit",2011,19.57832800000,0.95200000,1.40000000,282.56300000
"Kepler-34 b","Kepler-34","Transit",2011,288.82200000000,8.56400000,69.92000000,1800.82000000
"KOI-55 b","KOI-55","Orbital Brightness Modulation",2011,0.24010400000,0.75900000,0.44000000,1231.02000000
"KOI-55 c","KOI-55","Orbital Brightness Modulation",2011,0.34288700000,0.86700000,0.65500000,1231.02000000
"Kepler-18 c","Kepler-18","Transit",2011,7.64159000000,5.49000000,17.30000000,433.04700000
"Kepler-44 b","Kepler-44","Transit",2011,3.24672930000,12.22000000,317.82000000,1188.00000000
"Kepler-41 b","Kepler-41","Transit",2011,1.85555820000,14.46000000,177.98000000,1093.08000000
"Kepler-26 b","Kepler-26","Transit",2011,12.28000000000,2.78000000,5.12000000,335.30700000
"Kepler-43 b","Kepler-43","Transit",2011,3.02409490000,13.66377100,1026.59090000,1005.84000000
"KOI-13 b","KOI-13","Transit",2011,1.76358800000,16.94800800,2949.46240000,519.09600000
"Qatar-2 b","Qatar-2","Transit",2011,1.33711647000,14.05600000,792.63500000,181.37400000
"TrES-5 b","TrES-5","Transit",2011,1.48224686000,13.38354600,568.91570000,360.31300000
"WASP-35 b","WASP-35","Transit",2011,3.16158000000,14.57170000,225.65930000,202.21800000
"WASP-36 b","WASP-36","Transit",2011,1.53736596000,14.87434300,750.39663000,386.34600000
"WASP-39 b","WASP-39","Transit",2011,4.05529410000,14.33631100,89.31023000,213.98200000
"WASP-41 b","WASP-41","Transit",2011,3.05240000000,12.32990000,270.15550000,163.37100000
"WASP-43 b","WASP-43","Transit",2011,0.81347500000,10.42400000,565.71400000,86.74670000
"WASP-44 b","WASP-44","Transit",2011,2.42380400000,12.32990000,276.51210000,364.51200000
"WASP-45 b","WASP-45","Transit",2011,3.12608900000,10.60371400,306.38812000,211.19600000
"WASP-46 b","WASP-46","Transit",2011,1.43036763000,13.15936600,607.05530000,375.31000000
"WASP-48 b","WASP-48","Transit",2011,2.14363000000,16.81350000,254.26400000,454.14400000
"WASP-50 b","WASP-50","Transit",2011,1.95510000000,13.06969400,466.82870400,184.84800000
"CoRoT-16 b","CoRoT-16","Transit",2011,5.35227000000,13.11000000,170.03200000,732.40900000
"Kepler-32 c","Kepler-32","Transit",2011,8.75220000000,2.00000000,158.90000000,323.84700000
"Kepler-29 c","Kepler-29","Transit",2011,13.28613000000,2.34000000,4.50000000,832.53200000
"Kepler-20 c","Kepler-20","Transit",2011,10.85407740000,2.89400000,11.10000000,282.56300000
"CoRoT-17 b","CoRoT-17","Transit",2011,3.76810000000,11.43000000,772.29000000,1176.12000000
"CoRoT-18 b","CoRoT-18","Transit",2011,1.90006930000,14.68000000,1102.82000000,764.88900000
"CoRoT-19 b","CoRoT-19","Transit",2011,3.89713000000,14.46000000,352.78000000,790.66300000
"CoRoT-23 b","CoRoT-23","Transit",2011,3.63130000000,11.77000000,889.90000000,1060.97000000
"Kepler-24 c","Kepler-24","Transit",2011,12.33000000000,2.51400000,9.99000000,1156.81000000
"HAT-P-27 b","HAT-P-27","Transit",2011,3.03957700000,11.43000000,197.05000000,199.17300000
"HAT-P-28 b","HAT-P-28","Transit",2011,3.25721500000,13.58500000,198.95300000,401.31900000
"HAT-P-29 b","HAT-P-29","Transit",2011,5.72319000000,13.11453000,279.69040000,313.57600000
"HAT-P-30 b","HAT-P-30","Transit",2011,2.81060000000,16.14096000,263.79890000,213.98500000
"Kepler-11 f","Kepler-11","Transit",2010,46.68880000000,2.49000000,2.00000000,646.34600000
"HAT-P-26 b","HAT-P-26","Transit",2010,4.23452000000,7.06167000,22.24810000,141.83700000
"Kepler-9 b","Kepler-9","Transit",2010,19.23891000000,8.29000000,43.40000000,628.25700000
"Kepler-40 b","Kepler-40","Transit",2010,6.87349000000,13.11000000,699.20000000,2305.01000000
"Kepler-11 c","Kepler-11","Transit",2010,13.02410000000,2.87000000,2.90000000,646.34600000
"Kepler-9 c","Kepler-9","Transit",2010,38.98530000000,8.08000000,29.90000000,628.25700000
"Kepler-11 b","Kepler-11","Transit",2010,10.30390000000,1.80000000,1.90000000,646.34600000
"Kepler-11 d","Kepler-11","Transit",2010,22.68450000000,3.12000000,7.30000000,646.34600000
"Kepler-11 e","Kepler-11","Transit",2010,31.99960000000,4.19000000,8.00000000,646.34600000
"HD 97658 b","HD 97658","Radial Velocity",2010,9.48971160000,2.12000000,8.30000000,21.56180000
"Qatar-1 b","Qatar-1","Transit",2010,1.42002420000,12.81188700,411.27202000,185.61500000
"WASP-21 b","WASP-21","Transit",2010,4.32248200000,11.99000000,95.34500000,258.42600000
"WASP-22 b","WASP-22","Transit",2010,3.53269000000,13.78707000,212.94610000,317.65200000
"WASP-24 b","WASP-24","Transit",2010,2.34121000000,15.46842000,394.10920000,322.11400000
"WASP-25 b","WASP-25","Transit",2010,3.76483370000,13.80946422,179.25522155,211.41600000
"WASP-26 b","WASP-26","Transit",2010,2.75660000000,13.56289000,270.15550000,252.75900000
"WASP-29 b","WASP-29","Transit",2010,3.92273000000,8.63093000,73.10090000,87.59530000
"WASP-31 b","WASP-31","Transit",2010,3.40590960000,17.36300000,151.91600000,383.82900000
"WASP-32 b","WASP-32","Transit",2010,2.71866000000,10.76064000,835.89290000,275.99400000
"WASP-33 b","WASP-33","Transit",2010,1.21987000000,17.85593700,665.21819000,121.94400000
"WASP-34 b","WASP-34","Transit",2010,4.31768000000,11.20900000,177.98480000,132.09600000
"WASP-37 b","WASP-37","Transit",2010,3.57746900000,13.00200000,572.07000000,392.79100000
"WASP-38 b","WASP-38","Transit",2010,6.87188000000,13.78707000,1093.33520000,136.24000000
"WASP-8 b","WASP-8","Transit",2010,8.15872000000,12.66617000,807.28820000,89.96060000
"XO-4 b","XO-4","Transit",2010,4.12508000000,14.01125000,451.31860000,272.65500000
"WASP-23 b","WASP-23","Transit",2010,2.94442560000,10.78300000,280.95000000,207.49000000
"Kepler-8 b","Kepler-8","Transit",2010,3.52249910000,15.87194400,187.51970000,1021.87000000
"CoRoT-10 b","CoRoT-10","Transit",2010,13.24060000000,10.87000000,874.00000000,338.38600000
"CoRoT-11 b","CoRoT-11","Transit",2010,2.99433000000,16.03000000,740.51000000,655.03700000
"CoRoT-12 b","CoRoT-12","Transit",2010,2.82804200000,16.14000000,291.43800000,1126.37000000
"CoRoT-13 b","CoRoT-13","Transit",2010,4.03519000000,9.92000000,415.70400000,1148.93000000
"CoRoT-14 b","CoRoT-14","Transit",2010,1.51214000000,12.22000000,2415.40000000,1744.60000000
"CoRoT-8 b","CoRoT-8","Transit",2010,6.21229000000,6.39000000,69.92000000,322.03700000
"HAT-P-14 b","HAT-P-14","Transit",2010,4.62767000000,15.91678000,1093.33520000,222.66300000
"HAT-P-15 b","HAT-P-15","Transit",2010,10.86350000000,11.88154000,616.59020000,192.51600000
"HAT-P-18 b","HAT-P-18","Transit",2010,5.50802300000,11.15300000,62.61000000,161.40000000
"HAT-P-19 b","HAT-P-19","Transit",2010,4.00878322000,11.29865255,88.03846874,202.07800000
"HAT-P-20 b","HAT-P-20","Transit",2010,2.87531700000,9.71800000,2302.89900000,71.03740000
"HAT-P-21 b","HAT-P-21","Transit",2010,4.12448000000,12.44199000,1547.83210000,277.27800000
"HAT-P-22 b","HAT-P-22","Transit",2010,3.21222000000,12.89035000,785.04010000,81.76470000
"HAT-P-23 b","HAT-P-23","Transit",2010,1.21288400000,15.33400000,664.23700000,364.81300000
"HAT-P-24 b","HAT-P-24","Transit",2010,3.35524000000,14.57170000,238.37250000,415.34400000
"Kepler-11 g","Kepler-11","Transit",2010,118.38070000000,3.33000000,25.00000000,646.34600000
"Kepler-5 b","Kepler-5","Transit",2009,3.54846570000,15.98403400,670.93913000,899.77700000
"HAT-P-13 b","HAT-P-13","Transit",2009,2.91625000000,14.25800000,270.46200000,246.81000000
"Kepler-4 b","Kepler-4","Transit",2009,3.21346000000,4.00200000,24.47200000,487.91600000
"WASP-13 b","WASP-13","Transit",2009,4.35301000000,13.67498000,114.41880000,227.53700000
"WASP-15 b","WASP-15","Transit",2009,3.75210000000,15.80469000,171.62820000,282.09100000
"WASP-16 b","WASP-16","Transit",2009,3.11860000000,13.67498000,394.10920000,194.13400000
"WASP-17 b","WASP-17","Transit",2009,3.73543000000,20.96083000,247.90740000,405.90800000
"WASP-18 b","WASP-18","Transit",2009,0.94145223000,13.89913607,3241.84975140,123.48300000
"WASP-19 b","WASP-19","Transit",2009,0.78883852000,15.86070769,366.77398168,268.32500000
"WASP-6 b","WASP-6","Transit",2009,3.36100260000,12.54284940,148.42586607,197.11900000
"Kepler-6 b","Kepler-6","Transit",2009,3.23469960000,14.61653600,212.31044000,587.03900000
"CoRoT-5 b","CoRoT-5","Transit",2009,4.03789620000,15.55800000,148.42000000,882.47200000
"CoRoT-6 b","CoRoT-6","Transit",2009,8.88659300000,13.06800000,940.74000000,645.29400000
"CoRoT-7 b","CoRoT-7","Transit",2009,0.85359163000,1.68135000,4.07660518,159.90600000
"CoRoT-9 b","CoRoT-9","Transit",2009,95.27265600000,11.94879400,266.97720000,412.98000000
"GJ 1214 b","GJ 1214","Transit",2009,1.58040453100,2.73300000,8.41000000,14.64270000
"HAT-P-12 b","HAT-P-12","Transit",2009,3.21305980000,10.74900000,67.05900000,142.75100000
"Kepler-7 b","Kepler-7","Transit",2009,4.88548920000,18.18099800,140.16303000,922.56200000
"HAT-P-7 b","HAT-P-7","Transit",2008,2.20474000000,16.92559000,584.80720000,341.07900000
"HAT-P-9 b","HAT-P-9","Transit",2008,3.92281072000,15.61413700,238.05467000,455.20300000
"HR 8799 c","HR 8799","Imaging",2008,69000.00000000000,13.00000000,3000.00000000,41.24410000
"HR 8799 d","HR 8799","Imaging",2008,37000.00000000000,13.00000000,3000.00000000,41.24410000
"OGLE2-TR-L9 b","OGLE2-TR-L9","Transit",2008,2.48553350000,18.04600000,1430.17500000,1627.63000000
"WASP-10 b","WASP-10","Transit",2008,3.09276160000,12.10600000,1001.12000000,140.99800000
"WASP-11 b","WASP-11","Transit",2008,3.72247000000,12.44199000,251.08570000,124.73000000
"WASP-14 b","WASP-14","Transit",2008,2.24375000000,15.46842000,2809.61720000,161.99700000
"WASP-5 b","WASP-5","Transit",2008,1.62842790000,12.18400000,502.15000000,309.13700000
"WASP-7 b","WASP-7","Transit",2008,4.95464160000,14.90797000,305.11680000,162.30300000
"XO-5 b","XO-5","Transit",2008,4.18775580000,12.78000000,378.20000000,276.21100000
"CoRoT-1 b","CoRoT-1","Transit",2008,1.50895570000,16.70000000,327.35000000,787.90900000
"CoRoT-2 b","CoRoT-2","Transit",2008,1.74299350000,16.43200000,1102.82000000,213.28300000
"CoRoT-3 b","CoRoT-3","Transit",2008,4.25680000000,11.32000000,6883.91000000,768.77100000
"CoRoT-4 b","CoRoT-4","Transit",2008,9.20205000000,13.34000000,228.83000000,726.41200000
"HAT-P-8 b","HAT-P-8","Transit",2008,3.07634000000,15.69260000,406.82240000,211.55300000
"HR 8799 b","HR 8799","Imaging",2008,170000.00000000000,13.00000000,2000.00000000,41.24410000
"Lupus-TR-3 b","Lupus-TR-3","Transit",2007,3.91405000000,9.97600000,257.43100000,773.40900000
"HD 17156 b","HD 17156","Radial Velocity",2007,21.21642940000,12.26262489,1036.12060682,78.08630000
"OGLE-TR-211 b","OGLE-TR-211","Transit",2007,3.67724000000,15.24400000,327.35100000,1515.26000000
"TrES-3 b","TrES-3","Transit",2007,1.30618581000,14.97500000,607.03000000,231.33700000
"TrES-4 b","TrES-4","Transit",2007,3.55395000000,18.04649000,247.90740000,515.98000000
"WASP-1 b","WASP-1","Transit",2007,2.51994540000,16.62300000,271.41500000,393.07200000
"WASP-2 b","WASP-2","Transit",2007,2.15217500000,12.11692900,295.89973000,153.24200000
"WASP-3 b","WASP-3","Transit",2007,1.84683000000,15.91678000,772.32690000,231.16100000
"WASP-4 b","WASP-4","Transit",2007,1.33823099400,15.12091496,381.39408840,267.20600000
"XO-3 b","XO-3","Transit",2007,3.19152309000,14.79585452,4217.58296089,213.05300000
"HAT-P-3 b","HAT-P-3","Transit",2007,2.89970000000,10.53646000,206.58950000,134.55400000
"HAT-P-4 b","HAT-P-4","Transit",2007,3.05653600000,14.28000000,213.25500000,320.45100000
"HAT-P-5 b","HAT-P-5","Transit",2007,2.78849000000,13.56289000,311.47340000,303.33600000
"HAT-P-6 b","HAT-P-6","Transit",2007,3.85298000000,16.58932000,419.53560000,275.35800000
"OGLE-TR-182 b","OGLE-TR-182","Transit",2007,3.97910000000,12.66600000,320.99500000,2501.75000000
"TrES-2 b","TrES-2","Transit",2006,2.47063000000,15.24424000,473.56670000,215.32000000
"HAT-P-1 b","HAT-P-1","Transit",2006,4.46529976000,14.78467100,166.86075000,158.97900000
"XO-1 b","XO-1","Transit",2006,3.94153000000,12.77826000,263.79890000,163.55300000
"HD 189733 b","HD 189733","Radial Velocity",2005,2.21857567000,12.66617000,359.14790000,19.76380000
"HD 149026 b","HD 149026","Radial Velocity",2005,2.87589000000,8.29466000,120.77540000,75.86430000
"HD 118203 b","HD 118203","Radial Velocity",2005,6.13497790000,12.77823800,680.15279098,92.25890000
"OGLE-TR-10 b","OGLE-TR-10","Transit",2004,3.10127800000,14.01100000,197.04600000,1344.97000000
"OGLE-TR-113 b","OGLE-TR-113","Transit",2004,1.43247520000,12.25100000,400.44900000,566.45900000
"GJ 436 b","GJ 436","Radial Velocity",2004,2.64388312000,4.17000000,22.10000000,9.75321000
"TrES-1 b","TrES-1","Transit",2004,3.03007000000,12.66617000,266.97720000,159.65800000
"55 Cnc e","55 Cnc","Radial Velocity",2004,0.73654740000,1.87500000,7.99000000,12.58550000
"OGLE-TR-132 b","OGLE-TR-132","Transit",2004,1.68986800000,13.45000000,375.02000000,2012.62000000
"HD 80606 b","HD 80606","Radial Velocity",2001,111.43676500000,11.56766808,1323.46926959,66.47110000
"HD 209458 b","HD 209458","Radial Velocity",1999,3.52474859000,15.58051000,232.01590000,48.30160000
